//  SVF file written by ATMISP version 7.3
//  Created on: Thu Jul 16 15:51:04 2026
//  SVF Rev. D  
TRST ABSENT;
ENDIR IDLE;
ENDDR IDLE;
HDR 0;
HIR 0;
TDR 0;
TIR 0;
RUNTEST 50021E-6 SEC;
STATE RESET;
STATE IDLE;
RUNTEST 50021E-6 SEC;
SIR 10 TDI (280);
SDR 10 TDI (1b9);
STATE IDLE;
SIR 10 TDI (059);
SDR 32 TDI (ffffffff)
	TDO (0150403f)
	MASK (ffffffff);
STATE IDLE;
SIR 10 TDI (2b3);
SIR 10 TDI (29e);
STATE IDLE;
RUNTEST 210001E-6 SEC;
SIR 10 TDI (2bf);
STATE IDLE;
STATE RESET;
RUNTEST 50001E-6 SEC;
STATE IDLE;
SIR 10 TDI (280);
SDR 10 TDI (000);
STATE IDLE;
RUNTEST 10001E-6 SEC;
STATE RESET;
RUNTEST 50021E-6 SEC;
RUNTEST 50021E-6 SEC;
STATE RESET;
STATE IDLE;
RUNTEST 50021E-6 SEC;
SIR 10 TDI (280);
SDR 10 TDI (1b9);
STATE IDLE;
SIR 10 TDI (2a1);
SDR 11 TDI (00c);
SIR 10 TDI (290);
SDR 166 TDI (0ce37c5ffa3df57fefffc4853d4a3214852948123f);
SIR 10 TDI (29e);
STATE IDLE;
RUNTEST 30001E-6 SEC;
SIR 10 TDI (2bf);
SIR 10 TDI (2a1);
SDR 11 TDI (00d);
SIR 10 TDI (290);
SDR 166 TDI (0ce37c5ffa3df57fffffc4853d4a3214852948123f);
SIR 10 TDI (29e);
STATE IDLE;
RUNTEST 30001E-6 SEC;
SIR 10 TDI (2bf);
SIR 10 TDI (2a1);
SDR 11 TDI (00e);
SIR 10 TDI (290);
SDR 166 TDI (0ce37c5ffa3df57fffffc4853d4a3214852948123f);
SIR 10 TDI (29e);
STATE IDLE;
RUNTEST 30001E-6 SEC;
SIR 10 TDI (2bf);
SIR 10 TDI (2a1);
SDR 11 TDI (00f);
SIR 10 TDI (290);
SDR 166 TDI (0ce37c5ffa3df57fffffc4853d4a3214852948123f);
SIR 10 TDI (29e);
STATE IDLE;
RUNTEST 30001E-6 SEC;
SIR 10 TDI (2bf);
SIR 10 TDI (2a1);
SDR 11 TDI (010);
SIR 10 TDI (290);
SDR 166 TDI (0ce37c5ffa3df57fffffc4853d4a3214852948123f);
SIR 10 TDI (29e);
STATE IDLE;
RUNTEST 30001E-6 SEC;
SIR 10 TDI (2bf);
SIR 10 TDI (2a1);
SDR 11 TDI (011);
SIR 10 TDI (290);
SDR 166 TDI (0ce37c5ffa3df57fffffc4853d4a3214852948123f);
SIR 10 TDI (29e);
STATE IDLE;
RUNTEST 30001E-6 SEC;
SIR 10 TDI (2bf);
SIR 10 TDI (2a1);
SDR 11 TDI (012);
SIR 10 TDI (290);
SDR 166 TDI (0ce37c5ffa3df57fffffc4853d4a3214852948123f);
SIR 10 TDI (29e);
STATE IDLE;
RUNTEST 30001E-6 SEC;
SIR 10 TDI (2bf);
SIR 10 TDI (2a1);
SDR 11 TDI (013);
SIR 10 TDI (290);
SDR 166 TDI (0ce37c5ffa3df57fffffc4853d4a3214852948123f);
SIR 10 TDI (29e);
STATE IDLE;
RUNTEST 30001E-6 SEC;
SIR 10 TDI (2bf);
SIR 10 TDI (2a1);
SDR 11 TDI (014);
SIR 10 TDI (290);
SDR 166 TDI (0ce37c5ffa3df57fffffc4853d4a3214852948123f);
SIR 10 TDI (29e);
STATE IDLE;
RUNTEST 30001E-6 SEC;
SIR 10 TDI (2bf);
SIR 10 TDI (2a1);
SDR 11 TDI (015);
SIR 10 TDI (290);
SDR 166 TDI (0ce37c5ffa3df57fffffc4853d4a3214852948123f);
SIR 10 TDI (29e);
STATE IDLE;
RUNTEST 30001E-6 SEC;
SIR 10 TDI (2bf);
SIR 10 TDI (2a1);
SDR 11 TDI (016);
SIR 10 TDI (290);
SDR 166 TDI (0ce37c5ffa3df57fffffc4853d4a3214852948123f);
SIR 10 TDI (29e);
STATE IDLE;
RUNTEST 30001E-6 SEC;
SIR 10 TDI (2bf);
SIR 10 TDI (2a1);
SDR 11 TDI (017);
SIR 10 TDI (290);
SDR 166 TDI (0ce37c5ffa3df57fffffc4853d4a3214852948123f);
SIR 10 TDI (29e);
STATE IDLE;
RUNTEST 30001E-6 SEC;
SIR 10 TDI (2bf);
SIR 10 TDI (2a1);
SDR 11 TDI (018);
SIR 10 TDI (290);
SDR 166 TDI (0ce37c5ffa3df57fffffc4853d4a3214852948123f);
SIR 10 TDI (29e);
STATE IDLE;
RUNTEST 30001E-6 SEC;
SIR 10 TDI (2bf);
SIR 10 TDI (2a1);
SDR 11 TDI (019);
SIR 10 TDI (290);
SDR 166 TDI (0ce37c5ffa3df57fffffc4853d4a3214852948123f);
SIR 10 TDI (29e);
STATE IDLE;
RUNTEST 30001E-6 SEC;
SIR 10 TDI (2bf);
SIR 10 TDI (2a1);
SDR 11 TDI (01a);
SIR 10 TDI (290);
SDR 166 TDI (0ce37c5ffa3df57fffffc4853d4a3214852948123f);
SIR 10 TDI (29e);
STATE IDLE;
RUNTEST 30001E-6 SEC;
SIR 10 TDI (2bf);
SIR 10 TDI (2a1);
SDR 11 TDI (01b);
SIR 10 TDI (290);
SDR 166 TDI (0ce37c5ffa3df57fffffc4853d4a3214852948123f);
SIR 10 TDI (29e);
STATE IDLE;
RUNTEST 30001E-6 SEC;
SIR 10 TDI (2bf);
SIR 10 TDI (2a1);
SDR 11 TDI (01c);
SIR 10 TDI (290);
SDR 166 TDI (0ce3081ffa10257fffffc4852d4a3214852948123f);
SIR 10 TDI (29e);
STATE IDLE;
RUNTEST 30001E-6 SEC;
SIR 10 TDI (2bf);
SIR 10 TDI (2a1);
SDR 11 TDI (01d);
SIR 10 TDI (290);
SDR 166 TDI (0ce37c5ffa3df57fffffc4853d4a3210852948123f);
SIR 10 TDI (29e);
STATE IDLE;
RUNTEST 30001E-6 SEC;
SIR 10 TDI (2bf);
SIR 10 TDI (2a1);
SDR 11 TDI (01e);
SIR 10 TDI (290);
SDR 166 TDI (0ce3081d48102576fdd6c48434423010840948123f);
SIR 10 TDI (29e);
STATE IDLE;
RUNTEST 30001E-6 SEC;
SIR 10 TDI (2bf);
SIR 10 TDI (2a1);
SDR 11 TDI (01f);
SIR 10 TDI (290);
SDR 166 TDI (0ce37c5ffa3df57fffffc485094a3214852948123f);
SIR 10 TDI (29e);
STATE IDLE;
RUNTEST 30001E-6 SEC;
SIR 10 TDI (2bf);
SIR 10 TDI (2a1);
SDR 11 TDI (020);
SIR 10 TDI (290);
SDR 166 TDI (0ce3785ffa1d657fffffc485354a3214852948123f);
SIR 10 TDI (29e);
STATE IDLE;
RUNTEST 30001E-6 SEC;
SIR 10 TDI (2bf);
SIR 10 TDI (2a1);
SDR 11 TDI (021);
SIR 10 TDI (290);
SDR 166 TDI (0ce34c5ffa38f57fffffc4853d4a3214842948123f);
SIR 10 TDI (29e);
STATE IDLE;
RUNTEST 30001E-6 SEC;
SIR 10 TDI (2bf);
SIR 10 TDI (2a1);
SDR 11 TDI (022);
SIR 10 TDI (290);
SDR 166 TDI (0ce17c5ef83df55b93ffc4853d4a3214852948123f);
SIR 10 TDI (29e);
STATE IDLE;
RUNTEST 30001E-6 SEC;
SIR 10 TDI (2bf);
SIR 10 TDI (2a1);
SDR 11 TDI (023);
SIR 10 TDI (290);
SDR 166 TDI (0ce3080bfa10253d6ed6c4843d423210840948123f);
SIR 10 TDI (29e);
STATE IDLE;
RUNTEST 30001E-6 SEC;
SIR 10 TDI (2bf);
SIR 10 TDI (2a1);
SDR 11 TDI (024);
SIR 10 TDI (290);
SDR 166 TDI (0ce3181ffa15257fffffc4840c423010840948123f);
SIR 10 TDI (29e);
STATE IDLE;
RUNTEST 30001E-6 SEC;
SIR 10 TDI (2bf);
SIR 10 TDI (2a1);
SDR 11 TDI (025);
SIR 10 TDI (290);
SDR 166 TDI (0ce36c5ffa38f57fffffc485314a3214852948123f);
SIR 10 TDI (29e);
STATE IDLE;
RUNTEST 30001E-6 SEC;
SIR 10 TDI (2bf);
SIR 10 TDI (2a1);
SDR 11 TDI (026);
SIR 10 TDI (290);
SDR 166 TDI (08e3081d48102576fdd6c4843c423010840948123f);
SIR 10 TDI (29e);
STATE IDLE;
RUNTEST 30001E-6 SEC;
SIR 10 TDI (2bf);
SIR 10 TDI (2a1);
SDR 11 TDI (027);
SIR 10 TDI (290);
SDR 166 TDI (0ce37c5ffa3df57fffffc4853d4a3214852948123f);
SIR 10 TDI (29e);
STATE IDLE;
RUNTEST 30001E-6 SEC;
SIR 10 TDI (2bf);
SIR 10 TDI (2a1);
SDR 11 TDI (028);
SIR 10 TDI (290);
SDR 166 TDI (0ce3081d48102576fdd6c4853d4a3214852940123f);
SIR 10 TDI (29e);
STATE IDLE;
RUNTEST 30001E-6 SEC;
SIR 10 TDI (2bf);
SIR 10 TDI (2a1);
SDR 11 TDI (029);
SIR 10 TDI (290);
SDR 166 TDI (0ce37c5ffa3df57fffffc4843d423210842948123f);
SIR 10 TDI (29e);
STATE IDLE;
RUNTEST 30001E-6 SEC;
SIR 10 TDI (2bf);
SIR 10 TDI (2a1);
SDR 11 TDI (02a);
SIR 10 TDI (290);
SDR 166 TDI (0ce3081ffa10257fffffc4851d4a3214852948123f);
SIR 10 TDI (29e);
STATE IDLE;
RUNTEST 30001E-6 SEC;
SIR 10 TDI (2bf);
SIR 10 TDI (2a1);
SDR 11 TDI (02b);
SIR 10 TDI (290);
SDR 166 TDI (0ce37c5ffa3df57fffffc4843d4a3214852948123f);
SIR 10 TDI (29e);
STATE IDLE;
RUNTEST 30001E-6 SEC;
SIR 10 TDI (2bf);
SIR 10 TDI (2a1);
SDR 11 TDI (02c);
SIR 10 TDI (290);
SDR 166 TDI (0ce37c5fea3df57fffffc4853d4a3214852948123f);
SIR 10 TDI (29e);
STATE IDLE;
RUNTEST 30001E-6 SEC;
SIR 10 TDI (2bf);
SIR 10 TDI (2a1);
SDR 11 TDI (02d);
SIR 10 TDI (290);
SDR 166 TDI (0ce37c5ffa3df57fffd6c4853d4a3214852948123f);
SIR 10 TDI (29e);
STATE IDLE;
RUNTEST 30001E-6 SEC;
SIR 10 TDI (2bf);
SIR 10 TDI (2a1);
SDR 11 TDI (02e);
SIR 10 TDI (290);
SDR 166 TDI (0ce37c5ffa3df47fffffc4843d4a3210852948103f);
SIR 10 TDI (29e);
STATE IDLE;
RUNTEST 30001E-6 SEC;
SIR 10 TDI (2bf);
SIR 10 TDI (2a1);
SDR 11 TDI (02f);
SIR 10 TDI (290);
SDR 166 TDI (0ce37c5f403df57fffffc4853d423214842948123f);
SIR 10 TDI (29e);
STATE IDLE;
RUNTEST 30001E-6 SEC;
SIR 10 TDI (2bf);
SIR 10 TDI (2a1);
SDR 11 TDI (030);
SIR 10 TDI (290);
SDR 166 TDI (0ce37c5f7a3df57fffff84853d4a3214852948123f);
SIR 10 TDI (29e);
STATE IDLE;
RUNTEST 30001E-6 SEC;
SIR 10 TDI (2bf);
SIR 10 TDI (2a1);
SDR 11 TDI (031);
SIR 10 TDI (290);
SDR 166 TDI (0ce37c5ffa3df57ffff4c4853d4a3214852948123f);
SIR 10 TDI (29e);
STATE IDLE;
RUNTEST 30001E-6 SEC;
SIR 10 TDI (2bf);
SIR 10 TDI (2a1);
SDR 11 TDI (032);
SIR 10 TDI (290);
SDR 166 TDI (0ce37c5ffa3df57fffffc4853d4a3214042948123f);
SIR 10 TDI (29e);
STATE IDLE;
RUNTEST 30001E-6 SEC;
SIR 10 TDI (2bf);
SIR 10 TDI (2a1);
SDR 11 TDI (033);
SIR 10 TDI (290);
SDR 166 TDI (0ce37c5ffa3df57fffffc4843d423210852948123f);
SIR 10 TDI (29e);
STATE IDLE;
RUNTEST 30001E-6 SEC;
SIR 10 TDI (2bf);
SIR 10 TDI (2a1);
SDR 11 TDI (034);
SIR 10 TDI (290);
SDR 166 TDI (0ce37c5ffa3df17fffffc4853d4a1214852948023f);
SIR 10 TDI (29e);
STATE IDLE;
RUNTEST 30001E-6 SEC;
SIR 10 TDI (2bf);
SIR 10 TDI (2a1);
SDR 11 TDI (035);
SIR 10 TDI (290);
SDR 166 TDI (0ce37c5f483df57fffd6c48401423010840948123f);
SIR 10 TDI (29e);
STATE IDLE;
RUNTEST 30001E-6 SEC;
SIR 10 TDI (2bf);
SIR 10 TDI (2a1);
SDR 11 TDI (036);
SIR 10 TDI (290);
SDR 166 TDI (0ce3745ffa2dd57fffffc4853d4a3214852948123f);
SIR 10 TDI (29e);
STATE IDLE;
RUNTEST 30001E-6 SEC;
SIR 10 TDI (2bf);
SIR 10 TDI (2a1);
SDR 11 TDI (037);
SIR 10 TDI (290);
SDR 166 TDI (0cc37c5fba3df57fffbf44813d482004812048123f);
SIR 10 TDI (29e);
STATE IDLE;
RUNTEST 30001E-6 SEC;
SIR 10 TDI (2bf);
SIR 10 TDI (2a1);
SDR 11 TDI (038);
SIR 10 TDI (290);
SDR 166 TDI (0ce37c5f7a3df57fff7ec485014a3214852948123f);
SIR 10 TDI (29e);
STATE IDLE;
RUNTEST 30001E-6 SEC;
SIR 10 TDI (2bf);
SIR 10 TDI (2a1);
SDR 11 TDI (039);
SIR 10 TDI (290);
SDR 166 TDI (0ce37c5ffa3df57fffcfc4853d4a3214850948123f);
SIR 10 TDI (29e);
STATE IDLE;
RUNTEST 30001E-6 SEC;
SIR 10 TDI (2bf);
SIR 10 TDI (2a1);
SDR 11 TDI (03a);
SIR 10 TDI (290);
SDR 166 TDI (0ce27c5ffa3df57fffffc4853d4a3214852948123f);
SIR 10 TDI (29e);
STATE IDLE;
RUNTEST 30001E-6 SEC;
SIR 10 TDI (2bf);
SIR 10 TDI (2a1);
SDR 11 TDI (03b);
SIR 10 TDI (290);
SDR 166 TDI (0ce3081d48102576fdd6c4843c423010840948123f);
SIR 10 TDI (29e);
STATE IDLE;
RUNTEST 30001E-6 SEC;
SIR 10 TDI (2bf);
SIR 10 TDI (2a1);
SDR 11 TDI (03c);
SIR 10 TDI (290);
SDR 166 TDI (08e27c5ffa3df57fffffc4853d4a2214852948123f);
SIR 10 TDI (29e);
STATE IDLE;
RUNTEST 30001E-6 SEC;
SIR 10 TDI (2bf);
SIR 10 TDI (2a1);
SDR 11 TDI (03d);
SIR 10 TDI (290);
SDR 166 TDI (04e17c5ffa3df57fffffc4853d4a3214852948023f);
SIR 10 TDI (29e);
STATE IDLE;
RUNTEST 30001E-6 SEC;
SIR 10 TDI (2bf);
SIR 10 TDI (2a1);
SDR 11 TDI (03e);
SIR 10 TDI (290);
SDR 166 TDI (0ce3081f4810257ffed6c4843d423210840948123f);
SIR 10 TDI (29e);
STATE IDLE;
RUNTEST 30001E-6 SEC;
SIR 10 TDI (2bf);
SIR 10 TDI (2a1);
SDR 11 TDI (03f);
SIR 10 TDI (290);
SDR 166 TDI (0ce37c42fa3df50903ffc4853d4a3214852948123f);
SIR 10 TDI (29e);
STATE IDLE;
RUNTEST 30001E-6 SEC;
SIR 10 TDI (2bf);
SIR 10 TDI (2a1);
SDR 11 TDI (040);
SIR 10 TDI (290);
SDR 166 TDI (0ce37c5ffa3df57fffffc4853d4a3214852948123f);
SIR 10 TDI (29e);
STATE IDLE;
RUNTEST 30001E-6 SEC;
SIR 10 TDI (2bf);
SIR 10 TDI (2a1);
SDR 11 TDI (041);
SIR 10 TDI (290);
SDR 166 TDI (0ce37c5ffa3df57fffffc4853d4a3214852948123f);
SIR 10 TDI (29e);
STATE IDLE;
RUNTEST 30001E-6 SEC;
SIR 10 TDI (2bf);
SIR 10 TDI (2a1);
SDR 11 TDI (042);
SIR 10 TDI (290);
SDR 166 TDI (0ce37c5ffa3df57fffffc4853d4a3214852948123f);
SIR 10 TDI (29e);
STATE IDLE;
RUNTEST 30001E-6 SEC;
SIR 10 TDI (2bf);
SIR 10 TDI (2a1);
SDR 11 TDI (043);
SIR 10 TDI (290);
SDR 166 TDI (0ce37c5ffa3df57fffffc4853d4a3214852948123f);
SIR 10 TDI (29e);
STATE IDLE;
RUNTEST 30001E-6 SEC;
SIR 10 TDI (2bf);
SIR 10 TDI (2a1);
SDR 11 TDI (044);
SIR 10 TDI (290);
SDR 166 TDI (0ce37c5ffa3df57fffffc4843d423210840948123f);
SIR 10 TDI (29e);
STATE IDLE;
RUNTEST 30001E-6 SEC;
SIR 10 TDI (2bf);
SIR 10 TDI (2a1);
SDR 11 TDI (045);
SIR 10 TDI (290);
SDR 166 TDI (0ce37c5d483df576fdd6c4853d4a3214852908123f);
SIR 10 TDI (29e);
STATE IDLE;
RUNTEST 30001E-6 SEC;
SIR 10 TDI (2bf);
SIR 10 TDI (2a1);
SDR 11 TDI (046);
SIR 10 TDI (290);
SDR 166 TDI (0ce37c5ffa3df57fffffc0853d423210852948123f);
SIR 10 TDI (29e);
STATE IDLE;
RUNTEST 30001E-6 SEC;
SIR 10 TDI (2bf);
SIR 10 TDI (2a1);
SDR 11 TDI (047);
SIR 10 TDI (290);
SDR 166 TDI (0ce3081d48102576fdd6c4843d4a3214842948123f);
SIR 10 TDI (29e);
STATE IDLE;
RUNTEST 30001E-6 SEC;
SIR 10 TDI (2bf);
SIR 10 TDI (2a1);
SDR 11 TDI (048);
SIR 10 TDI (290);
SDR 166 TDI (0ce3081f4810257fffd6c48428423010840948123f);
SIR 10 TDI (29e);
STATE IDLE;
RUNTEST 30001E-6 SEC;
SIR 10 TDI (2bf);
SIR 10 TDI (2a1);
SDR 11 TDI (049);
SIR 10 TDI (290);
SDR 166 TDI (0ce37c5dfa3df576fdffc485154a3214852948123f);
SIR 10 TDI (29e);
STATE IDLE;
RUNTEST 30001E-6 SEC;
SIR 10 TDI (2bf);
SIR 10 TDI (2a1);
SDR 11 TDI (04a);
SIR 10 TDI (290);
SDR 166 TDI (0ce37c5efa3df56f3bffc485394a3214852948123f);
SIR 10 TDI (29e);
STATE IDLE;
RUNTEST 30001E-6 SEC;
SIR 10 TDI (2bf);
SIR 10 TDI (2a1);
SDR 11 TDI (04b);
SIR 10 TDI (290);
SDR 166 TDI (0ce3080b4810251dc6d6c4853d423214852948123f);
SIR 10 TDI (29e);
STATE IDLE;
RUNTEST 30001E-6 SEC;
SIR 10 TDI (2bf);
SIR 10 TDI (2a1);
SDR 11 TDI (04c);
SIR 10 TDI (290);
SDR 166 TDI (0c63785ff23df57fffffc4843d423210840948123f);
SIR 10 TDI (29e);
STATE IDLE;
RUNTEST 30001E-6 SEC;
SIR 10 TDI (2bf);
SIR 10 TDI (2a1);
SDR 11 TDI (04d);
SIR 10 TDI (290);
SDR 166 TDI (0ca31c1ffa11357fffffc4853c4a3014852948123f);
SIR 10 TDI (29e);
STATE IDLE;
RUNTEST 30001E-6 SEC;
SIR 10 TDI (2bf);
SIR 10 TDI (2a1);
SDR 11 TDI (04e);
SIR 10 TDI (290);
SDR 166 TDI (0ce3681ffa35b57fffefc4853d4a3214852948123f);
SIR 10 TDI (29e);
STATE IDLE;
RUNTEST 30001E-6 SEC;
SIR 10 TDI (2bf);
SIR 10 TDI (2a1);
SDR 11 TDI (04f);
SIR 10 TDI (290);
SDR 166 TDI (0ce37c5ff23df57fff7fc4843c423010840948123f);
SIR 10 TDI (29e);
STATE IDLE;
RUNTEST 30001E-6 SEC;
SIR 10 TDI (2bf);
SIR 10 TDI (2a1);
SDR 11 TDI (050);
SIR 10 TDI (290);
SDR 166 TDI (0ce37c1ffa14e57ffffdc4053d4a3214852948123f);
SIR 10 TDI (29e);
STATE IDLE;
RUNTEST 30001E-6 SEC;
SIR 10 TDI (2bf);
SIR 10 TDI (2a1);
SDR 11 TDI (051);
SIR 10 TDI (290);
SDR 166 TDI (0ce37c5ff23df57fffff84853d4a3214852948023f);
SIR 10 TDI (29e);
STATE IDLE;
RUNTEST 30001E-6 SEC;
SIR 10 TDI (2bf);
SIR 10 TDI (2a1);
SDR 11 TDI (052);
SIR 10 TDI (290);
SDR 166 TDI (0ce37c5ffa3df55fd7ffc4853d4a3214852948123f);
SIR 10 TDI (29e);
STATE IDLE;
RUNTEST 30001E-6 SEC;
SIR 10 TDI (2bf);
SIR 10 TDI (2a1);
SDR 11 TDI (053);
SIR 10 TDI (290);
SDR 166 TDI (0ce30812481025292ad6c4843d423210840948123f);
SIR 10 TDI (29e);
STATE IDLE;
RUNTEST 30001E-6 SEC;
SIR 10 TDI (2bf);
SIR 10 TDI (2a1);
SDR 11 TDI (054);
SIR 10 TDI (290);
SDR 166 TDI (0c237c5d403df576fd4484843c423010840948123f);
SIR 10 TDI (29e);
STATE IDLE;
RUNTEST 30001E-6 SEC;
SIR 10 TDI (2bf);
SIR 10 TDI (2a1);
SDR 11 TDI (055);
SIR 10 TDI (290);
SDR 166 TDI (0ce3081ffa10257fffffc4853d4a3214852908123f);
SIR 10 TDI (29e);
STATE IDLE;
RUNTEST 30001E-6 SEC;
SIR 10 TDI (2bf);
SIR 10 TDI (2a1);
SDR 11 TDI (056);
SIR 10 TDI (290);
SDR 166 TDI (0ce37c5ffa3df57fffffc4853d4a3014852948123f);
SIR 10 TDI (29e);
STATE IDLE;
RUNTEST 30001E-6 SEC;
SIR 10 TDI (2bf);
SIR 10 TDI (2a1);
SDR 11 TDI (057);
SIR 10 TDI (290);
SDR 166 TDI (0ce37c5ffa3df57fffffc4853d4a3214852948123f);
SIR 10 TDI (29e);
STATE IDLE;
RUNTEST 30001E-6 SEC;
SIR 10 TDI (2bf);
SIR 10 TDI (2a1);
SDR 11 TDI (058);
SIR 10 TDI (290);
SDR 166 TDI (0ce3785ffa1d657fffffc4853d4a3214852948123f);
SIR 10 TDI (29e);
STATE IDLE;
RUNTEST 30001E-6 SEC;
SIR 10 TDI (2bf);
SIR 10 TDI (2a1);
SDR 11 TDI (059);
SIR 10 TDI (290);
SDR 166 TDI (0ce32c5ffa38f57fffffc4853d4a3214852948123f);
SIR 10 TDI (29e);
STATE IDLE;
RUNTEST 30001E-6 SEC;
SIR 10 TDI (2bf);
SIR 10 TDI (2a1);
SDR 11 TDI (05a);
SIR 10 TDI (290);
SDR 166 TDI (0ce37c5ffa3df57fffffc4853d4a3214852948123f);
SIR 10 TDI (29e);
STATE IDLE;
RUNTEST 30001E-6 SEC;
SIR 10 TDI (2bf);
SIR 10 TDI (2a1);
SDR 11 TDI (05b);
SIR 10 TDI (290);
SDR 166 TDI (0ce3081d48102576fdd6c4843c423010840948123f);
SIR 10 TDI (29e);
STATE IDLE;
RUNTEST 30001E-6 SEC;
SIR 10 TDI (2bf);
SIR 10 TDI (2a1);
SDR 11 TDI (05c);
SIR 10 TDI (290);
SDR 166 TDI (04e37c47fa3df56b5fffc4853d4a3214852948123f);
SIR 10 TDI (29e);
STATE IDLE;
RUNTEST 30001E-6 SEC;
SIR 10 TDI (2bf);
SIR 10 TDI (2a1);
SDR 11 TDI (05d);
SIR 10 TDI (290);
SDR 166 TDI (0ce3081f4810255fb6d2c4843d423210840948123f);
SIR 10 TDI (29e);
STATE IDLE;
RUNTEST 30001E-6 SEC;
SIR 10 TDI (2bf);
SIR 10 TDI (2a1);
SDR 11 TDI (05e);
SIR 10 TDI (290);
SDR 166 TDI (0ca37c5fda3df57fffffc4853d4a3214852948123f);
SIR 10 TDI (29e);
STATE IDLE;
RUNTEST 30001E-6 SEC;
SIR 10 TDI (2bf);
SIR 10 TDI (2a1);
SDR 11 TDI (05f);
SIR 10 TDI (290);
SDR 166 TDI (0c637c5ffa3df57fffd6c4843c423010840948123f);
SIR 10 TDI (29e);
STATE IDLE;
RUNTEST 30001E-6 SEC;
SIR 10 TDI (2bf);
SIR 10 TDI (2a1);
SDR 11 TDI (060);
SIR 10 TDI (290);
SDR 166 TDI (0ce3081d48102576fdd6c4853d4a3214852948123f);
SIR 10 TDI (29e);
STATE IDLE;
RUNTEST 30001E-6 SEC;
SIR 10 TDI (2bf);
SIR 10 TDI (2a1);
SDR 11 TDI (061);
SIR 10 TDI (290);
SDR 166 TDI (0ce37c5ffa3df57fffffc4843c423010840948123f);
SIR 10 TDI (29e);
STATE IDLE;
RUNTEST 30001E-6 SEC;
SIR 10 TDI (2bf);
SIR 10 TDI (2a1);
SDR 11 TDI (062);
SIR 10 TDI (290);
SDR 166 TDI (0ce37c5ffa3df57fffffc4853d4a3214852948123f);
SIR 10 TDI (29e);
STATE IDLE;
RUNTEST 30001E-6 SEC;
SIR 10 TDI (2bf);
SIR 10 TDI (2a1);
SDR 11 TDI (063);
SIR 10 TDI (290);
SDR 166 TDI (0ce3081d48102576fdd6c4843d423210840948123f);
SIR 10 TDI (29e);
STATE IDLE;
RUNTEST 30001E-6 SEC;
SIR 10 TDI (2bf);
SIR 10 TDI (2a1);
SDR 11 TDI (064);
SIR 10 TDI (290);
SDR 166 TDI (0ce37c5f483df57fffd6c4853d4a3214852948123f);
SIR 10 TDI (29e);
STATE IDLE;
RUNTEST 30001E-6 SEC;
SIR 10 TDI (2bf);
SIR 10 TDI (2a1);
SDR 11 TDI (065);
SIR 10 TDI (290);
SDR 166 TDI (0c237c5ff23df57fff6d84853d4a3214852948123f);
SIR 10 TDI (29e);
STATE IDLE;
RUNTEST 30001E-6 SEC;
SIR 10 TDI (2bf);
SIR 10 TDI (2a1);
SDR 11 TDI (066);
SIR 10 TDI (290);
SDR 166 TDI (0ce3081f4810253dffd6c4843d423210840948123f);
SIR 10 TDI (29e);
STATE IDLE;
RUNTEST 30001E-6 SEC;
SIR 10 TDI (2bf);
SIR 10 TDI (2a1);
SDR 11 TDI (067);
SIR 10 TDI (290);
SDR 166 TDI (0ce37c46fa3df54b12fbc4853d4a3214852948123f);
SIR 10 TDI (29e);
STATE IDLE;
RUNTEST 30001E-6 SEC;
SIR 10 TDI (2bf);
SIR 10 TDI (2a1);
SDR 11 TDI (068);
SIR 10 TDI (290);
SDR 166 TDI (0ce37c5ffa3df57fffffc4853d4a3214852948123f);
SIR 10 TDI (29e);
STATE IDLE;
RUNTEST 30001E-6 SEC;
SIR 10 TDI (2bf);
SIR 10 TDI (2a1);
SDR 11 TDI (069);
SIR 10 TDI (290);
SDR 166 TDI (0ce37c5ffa3df57fffffc4853d4a3214852948123f);
SIR 10 TDI (29e);
STATE IDLE;
RUNTEST 30001E-6 SEC;
SIR 10 TDI (2bf);
SIR 10 TDI (2a1);
SDR 11 TDI (06a);
SIR 10 TDI (290);
SDR 166 TDI (0ce37c5ffa3df57fffffc4853d4a3214852948123f);
SIR 10 TDI (29e);
STATE IDLE;
RUNTEST 30001E-6 SEC;
SIR 10 TDI (2bf);
SIR 10 TDI (2a1);
SDR 11 TDI (06b);
SIR 10 TDI (290);
SDR 166 TDI (0ce37c5ffa3df57fffffc4853d4a3214852948123f);
SIR 10 TDI (29e);
STATE IDLE;
RUNTEST 30001E-6 SEC;
SIR 10 TDI (2bf);
STATE IDLE;
SIR 10 TDI (2a1);
SDR 11 TDI (080);
SIR 10 TDI (290);
SDR 166 TDI (04030000021c8030cc3300e103e0529ca739ca03bf);
SIR 10 TDI (29e);
STATE IDLE;
RUNTEST 30001E-6 SEC;
SIR 10 TDI (2bf);
SIR 10 TDI (2a1);
SDR 11 TDI (081);
SIR 10 TDI (290);
SDR 166 TDI (04030000021c8030cc3300e103e0529ca739ca03bf);
SIR 10 TDI (29e);
STATE IDLE;
RUNTEST 30001E-6 SEC;
SIR 10 TDI (2bf);
SIR 10 TDI (2a1);
SDR 11 TDI (082);
SIR 10 TDI (290);
SDR 166 TDI (04030000021c8030cc3300e103e0529ca739ca03bf);
SIR 10 TDI (29e);
STATE IDLE;
RUNTEST 30001E-6 SEC;
SIR 10 TDI (2bf);
SIR 10 TDI (2a1);
SDR 11 TDI (083);
SIR 10 TDI (290);
SDR 166 TDI (04030000021c8030cc3300e103e0529ca739ca03bf);
SIR 10 TDI (29e);
STATE IDLE;
RUNTEST 30001E-6 SEC;
SIR 10 TDI (2bf);
SIR 10 TDI (2a1);
SDR 11 TDI (084);
SIR 10 TDI (290);
SDR 166 TDI (04030000021c8030cc3300e103e0529ca739ca03bf);
SIR 10 TDI (29e);
STATE IDLE;
RUNTEST 30001E-6 SEC;
SIR 10 TDI (2bf);
SIR 10 TDI (2a1);
SDR 11 TDI (085);
SIR 10 TDI (290);
SDR 166 TDI (04030000021c8030cc3300e103e0529ca739ca03bf);
SIR 10 TDI (29e);
STATE IDLE;
RUNTEST 30001E-6 SEC;
SIR 10 TDI (2bf);
SIR 10 TDI (2a1);
SDR 11 TDI (086);
SIR 10 TDI (290);
SDR 166 TDI (04030000021c8030cc3300e103e0529ca739ca03bf);
SIR 10 TDI (29e);
STATE IDLE;
RUNTEST 30001E-6 SEC;
SIR 10 TDI (2bf);
SIR 10 TDI (2a1);
SDR 11 TDI (087);
SIR 10 TDI (290);
SDR 166 TDI (04030000021c8030cc3300e103e0529ca739ca03bf);
SIR 10 TDI (29e);
STATE IDLE;
RUNTEST 30001E-6 SEC;
SIR 10 TDI (2bf);
SIR 10 TDI (2a1);
SDR 11 TDI (088);
SIR 10 TDI (290);
SDR 166 TDI (04030000021c8030cc3300e103e0529ca739ca03bf);
SIR 10 TDI (29e);
STATE IDLE;
RUNTEST 30001E-6 SEC;
SIR 10 TDI (2bf);
SIR 10 TDI (2a1);
SDR 11 TDI (089);
SIR 10 TDI (290);
SDR 166 TDI (04030000021c8030cc3300e103e0529ca739ca03bf);
SIR 10 TDI (29e);
STATE IDLE;
RUNTEST 30001E-6 SEC;
SIR 10 TDI (2bf);
SIR 10 TDI (2a1);
SDR 11 TDI (08a);
SIR 10 TDI (290);
SDR 166 TDI (04030000021c8030cc3300e103e0529ca739ca03bf);
SIR 10 TDI (29e);
STATE IDLE;
RUNTEST 30001E-6 SEC;
SIR 10 TDI (2bf);
SIR 10 TDI (2a1);
SDR 11 TDI (08b);
SIR 10 TDI (290);
SDR 166 TDI (04030000021c8030cc3300e103e0529ca739ca03bf);
SIR 10 TDI (29e);
STATE IDLE;
RUNTEST 30001E-6 SEC;
SIR 10 TDI (2bf);
SIR 10 TDI (2a1);
SDR 11 TDI (08c);
SIR 10 TDI (290);
SDR 166 TDI (04030000021c8030cc3300e103e0529ca739ca03bf);
SIR 10 TDI (29e);
STATE IDLE;
RUNTEST 30001E-6 SEC;
SIR 10 TDI (2bf);
SIR 10 TDI (2a1);
SDR 11 TDI (08d);
SIR 10 TDI (290);
SDR 166 TDI (04030000021c8030cc3300e103e0529ca739ca03bf);
SIR 10 TDI (29e);
STATE IDLE;
RUNTEST 30001E-6 SEC;
SIR 10 TDI (2bf);
SIR 10 TDI (2a1);
SDR 11 TDI (08e);
SIR 10 TDI (290);
SDR 166 TDI (04030000021c8030cc3300e103e0529ca739ca03bf);
SIR 10 TDI (29e);
STATE IDLE;
RUNTEST 30001E-6 SEC;
SIR 10 TDI (2bf);
SIR 10 TDI (2a1);
SDR 11 TDI (08f);
SIR 10 TDI (290);
SDR 166 TDI (04030000021c8030cc3300e103e0529ca739ca03bf);
SIR 10 TDI (29e);
STATE IDLE;
RUNTEST 30001E-6 SEC;
SIR 10 TDI (2bf);
SIR 10 TDI (2a1);
SDR 11 TDI (090);
SIR 10 TDI (290);
SDR 166 TDI (04030000021c8030cc3300e103e05294a739ca03bf);
SIR 10 TDI (29e);
STATE IDLE;
RUNTEST 30001E-6 SEC;
SIR 10 TDI (2bf);
SIR 10 TDI (2a1);
SDR 11 TDI (091);
SIR 10 TDI (290);
SDR 166 TDI (04030000021c8030cc3300e103e05298a739ca03bf);
SIR 10 TDI (29e);
STATE IDLE;
RUNTEST 30001E-6 SEC;
SIR 10 TDI (2bf);
SIR 10 TDI (2a1);
SDR 11 TDI (092);
SIR 10 TDI (290);
SDR 166 TDI (04030000021c8030cc3100210100409024090200bf);
SIR 10 TDI (29e);
STATE IDLE;
RUNTEST 30001E-6 SEC;
SIR 10 TDI (2bf);
SIR 10 TDI (2a1);
SDR 11 TDI (093);
SIR 10 TDI (290);
SDR 166 TDI (04030000021c8030cc3300e103e0529ca739ca03bf);
SIR 10 TDI (29e);
STATE IDLE;
RUNTEST 30001E-6 SEC;
SIR 10 TDI (2bf);
SIR 10 TDI (2a1);
SDR 11 TDI (094);
SIR 10 TDI (290);
SDR 166 TDI (04030000021c8030cc3300e103e0529ca739ca03bf);
SIR 10 TDI (29e);
STATE IDLE;
RUNTEST 30001E-6 SEC;
SIR 10 TDI (2bf);
SIR 10 TDI (2a1);
SDR 11 TDI (095);
SIR 10 TDI (290);
SDR 166 TDI (04030000021c8030cc3300e103e0529ca739ca03bf);
SIR 10 TDI (29e);
STATE IDLE;
RUNTEST 30001E-6 SEC;
SIR 10 TDI (2bf);
SIR 10 TDI (2a1);
SDR 11 TDI (096);
SIR 10 TDI (290);
SDR 166 TDI (04010000021c8020483300e10100529c2739c200bf);
SIR 10 TDI (29e);
STATE IDLE;
RUNTEST 30001E-6 SEC;
SIR 10 TDI (2bf);
SIR 10 TDI (2a1);
SDR 11 TDI (097);
SIR 10 TDI (290);
SDR 166 TDI (04030000021c8030cc33002103e04090a4090a03bf);
SIR 10 TDI (29e);
STATE IDLE;
RUNTEST 30001E-6 SEC;
SIR 10 TDI (2bf);
SIR 10 TDI (2a1);
SDR 11 TDI (098);
SIR 10 TDI (290);
SDR 166 TDI (04030000021c8030cc3300210100409024090200bf);
SIR 10 TDI (29e);
STATE IDLE;
RUNTEST 30001E-6 SEC;
SIR 10 TDI (2bf);
SIR 10 TDI (2a1);
SDR 11 TDI (099);
SIR 10 TDI (290);
SDR 166 TDI (04030000021c8030cc3300e103e0529ca739ca03bf);
SIR 10 TDI (29e);
STATE IDLE;
RUNTEST 30001E-6 SEC;
SIR 10 TDI (2bf);
SIR 10 TDI (2a1);
SDR 11 TDI (09a);
SIR 10 TDI (290);
SDR 166 TDI (04030000021c8030cc3300210100409024090200bf);
SIR 10 TDI (29e);
STATE IDLE;
RUNTEST 30001E-6 SEC;
SIR 10 TDI (2bf);
SIR 10 TDI (2a1);
SDR 11 TDI (09b);
SIR 10 TDI (290);
SDR 166 TDI (04030000021c8030cc3300e103e0529ca739ca03bf);
SIR 10 TDI (29e);
STATE IDLE;
RUNTEST 30001E-6 SEC;
SIR 10 TDI (2bf);
SIR 10 TDI (2a1);
SDR 11 TDI (09c);
SIR 10 TDI (290);
SDR 166 TDI (04030000021c8030cc3300e103e0529ca739ca03bf);
SIR 10 TDI (29e);
STATE IDLE;
RUNTEST 30001E-6 SEC;
SIR 10 TDI (2bf);
SIR 10 TDI (2a1);
SDR 11 TDI (09d);
SIR 10 TDI (290);
SDR 166 TDI (04030000021c8030cc3300e103e0529ca739ca03bf);
SIR 10 TDI (29e);
STATE IDLE;
RUNTEST 30001E-6 SEC;
SIR 10 TDI (2bf);
SIR 10 TDI (2a1);
SDR 11 TDI (09e);
SIR 10 TDI (290);
SDR 166 TDI (04030000021c8030cc3300a103e0529ca739ca03bf);
SIR 10 TDI (29e);
STATE IDLE;
RUNTEST 30001E-6 SEC;
SIR 10 TDI (2bf);
SIR 10 TDI (2a1);
SDR 11 TDI (09f);
SIR 10 TDI (290);
SDR 166 TDI (04030000021c8030cc33006103e0529ca739ca03bf);
SIR 10 TDI (29e);
STATE IDLE;
RUNTEST 30001E-6 SEC;
SIR 10 TDI (2bf);
SIR 10 TDI (2a1);
SDR 11 TDI (0a0);
SIR 10 TDI (290);
SDR 166 TDI (04030000021c8030cc3300e103e0529ca729ca03bf);
SIR 10 TDI (29e);
STATE IDLE;
RUNTEST 30001E-6 SEC;
SIR 10 TDI (2bf);
SIR 10 TDI (2a1);
SDR 11 TDI (0a1);
SIR 10 TDI (290);
SDR 166 TDI (04030000021c8030cc3300e103e0529ca719ca03bf);
SIR 10 TDI (29e);
STATE IDLE;
RUNTEST 30001E-6 SEC;
SIR 10 TDI (2bf);
SIR 10 TDI (2a1);
SDR 11 TDI (0a2);
SIR 10 TDI (290);
SDR 166 TDI (04030000021c8030cc3300e103e0409c2639c203bf);
SIR 10 TDI (29e);
STATE IDLE;
RUNTEST 30001E-6 SEC;
SIR 10 TDI (2bf);
SIR 10 TDI (2a1);
SDR 11 TDI (0a3);
SIR 10 TDI (290);
SDR 166 TDI (04030000021c8030cc3300e10360529ca539ca03bf);
SIR 10 TDI (29e);
STATE IDLE;
RUNTEST 30001E-6 SEC;
SIR 10 TDI (2bf);
SIR 10 TDI (2a1);
SDR 11 TDI (0a4);
SIR 10 TDI (290);
SDR 166 TDI (04030000021c8030cc3300e103e040982739c203bf);
SIR 10 TDI (29e);
STATE IDLE;
RUNTEST 30001E-6 SEC;
SIR 10 TDI (2bf);
SIR 10 TDI (2a1);
SDR 11 TDI (0a5);
SIR 10 TDI (290);
SDR 166 TDI (04030000021c8030cc3300e103c05294a739ca03bf);
SIR 10 TDI (29e);
STATE IDLE;
RUNTEST 30001E-6 SEC;
SIR 10 TDI (2bf);
SIR 10 TDI (2a1);
SDR 11 TDI (0a6);
SIR 10 TDI (290);
SDR 166 TDI (0403000002188030cc3300e103e0529ca739ca03bf);
SIR 10 TDI (29e);
STATE IDLE;
RUNTEST 30001E-6 SEC;
SIR 10 TDI (2bf);
SIR 10 TDI (2a1);
SDR 11 TDI (0a7);
SIR 10 TDI (290);
SDR 166 TDI (04030000021c8030cc2300e103e0529ca739ca03bf);
SIR 10 TDI (29e);
STATE IDLE;
RUNTEST 30001E-6 SEC;
SIR 10 TDI (2bf);
SIR 10 TDI (2a1);
SDR 11 TDI (0a8);
SIR 10 TDI (290);
SDR 166 TDI (04030000021c8030cc3300e103e0529ca539ca03bf);
SIR 10 TDI (29e);
STATE IDLE;
RUNTEST 30001E-6 SEC;
SIR 10 TDI (2bf);
SIR 10 TDI (2a1);
SDR 11 TDI (0a9);
SIR 10 TDI (290);
SDR 166 TDI (04030000001c8030cc3100e103e0529ca639ca03bf);
SIR 10 TDI (29e);
STATE IDLE;
RUNTEST 30001E-6 SEC;
SIR 10 TDI (2bf);
SIR 10 TDI (2a1);
SDR 11 TDI (0aa);
SIR 10 TDI (290);
SDR 166 TDI (0403000002188030cc3300c102e0120c8330c8033f);
SIR 10 TDI (29e);
STATE IDLE;
RUNTEST 30001E-6 SEC;
SIR 10 TDI (2bf);
SIR 10 TDI (2a1);
SDR 11 TDI (0ab);
SIR 10 TDI (290);
SDR 166 TDI (04030000021c8030cc3300e103e0529ca739ca03bf);
SIR 10 TDI (29e);
STATE IDLE;
RUNTEST 30001E-6 SEC;
SIR 10 TDI (2bf);
SIR 10 TDI (2a1);
SDR 11 TDI (0ac);
SIR 10 TDI (290);
SDR 166 TDI (04020000021c8010842300e103e0529ca739ca02bf);
SIR 10 TDI (29e);
STATE IDLE;
RUNTEST 30001E-6 SEC;
SIR 10 TDI (2bf);
SIR 10 TDI (2a1);
SDR 11 TDI (0ad);
SIR 10 TDI (290);
SDR 166 TDI (04030000021c8030cc3300e103e0529c2739ca03bf);
SIR 10 TDI (29e);
STATE IDLE;
RUNTEST 30001E-6 SEC;
SIR 10 TDI (2bf);
SIR 10 TDI (2a1);
SDR 11 TDI (0ae);
SIR 10 TDI (290);
SDR 166 TDI (04030000021c8030cc3300e103e0529ca739ca03bf);
SIR 10 TDI (29e);
STATE IDLE;
RUNTEST 30001E-6 SEC;
SIR 10 TDI (2bf);
SIR 10 TDI (2a1);
SDR 11 TDI (0af);
SIR 10 TDI (290);
SDR 166 TDI (04030000021c8030cc3300210100409024090200bf);
SIR 10 TDI (29e);
STATE IDLE;
RUNTEST 30001E-6 SEC;
SIR 10 TDI (2bf);
SIR 10 TDI (2a1);
SDR 11 TDI (0b0);
SIR 10 TDI (290);
SDR 166 TDI (0403000002140030cc1200e003e0529ca739ca03bf);
SIR 10 TDI (29e);
STATE IDLE;
RUNTEST 30001E-6 SEC;
SIR 10 TDI (2bf);
SIR 10 TDI (2a1);
SDR 11 TDI (0b1);
SIR 10 TDI (290);
SDR 166 TDI (04030000021c8030cc3300e103e0529ca739ca03bf);
SIR 10 TDI (29e);
STATE IDLE;
RUNTEST 30001E-6 SEC;
SIR 10 TDI (2bf);
SIR 10 TDI (2a1);
SDR 11 TDI (0b2);
SIR 10 TDI (290);
SDR 166 TDI (04030000021c8030cc3300e10100529ca739ca00bf);
SIR 10 TDI (29e);
STATE IDLE;
RUNTEST 30001E-6 SEC;
SIR 10 TDI (2bf);
SIR 10 TDI (2a1);
SDR 11 TDI (0b3);
SIR 10 TDI (290);
SDR 166 TDI (04030000021c8030cc33002103e0409024090203bf);
SIR 10 TDI (29e);
STATE IDLE;
RUNTEST 30001E-6 SEC;
SIR 10 TDI (2bf);
SIR 10 TDI (2a1);
SDR 11 TDI (0b4);
SIR 10 TDI (290);
SDR 166 TDI (04030000021c8030cc3300e103e0529ca739ca03bf);
SIR 10 TDI (29e);
STATE IDLE;
RUNTEST 30001E-6 SEC;
SIR 10 TDI (2bf);
SIR 10 TDI (2a1);
SDR 11 TDI (0b5);
SIR 10 TDI (290);
SDR 166 TDI (04030000021c8030cc3300e103e0529ca739ca03bf);
SIR 10 TDI (29e);
STATE IDLE;
RUNTEST 30001E-6 SEC;
SIR 10 TDI (2bf);
SIR 10 TDI (2a1);
SDR 11 TDI (0b6);
SIR 10 TDI (290);
SDR 166 TDI (04030000021c8030cc3300e103e0529ca739ca03bf);
SIR 10 TDI (29e);
STATE IDLE;
RUNTEST 30001E-6 SEC;
SIR 10 TDI (2bf);
SIR 10 TDI (2a1);
SDR 11 TDI (0b7);
SIR 10 TDI (290);
SDR 166 TDI (04030000021c8030cc3300e103e0529ca739ca03bf);
SIR 10 TDI (29e);
STATE IDLE;
RUNTEST 30001E-6 SEC;
SIR 10 TDI (2bf);
SIR 10 TDI (2a1);
SDR 11 TDI (0b8);
SIR 10 TDI (290);
SDR 166 TDI (04030000021c8030cc3300e103e0529ca7394a03bf);
SIR 10 TDI (29e);
STATE IDLE;
RUNTEST 30001E-6 SEC;
SIR 10 TDI (2bf);
SIR 10 TDI (2a1);
SDR 11 TDI (0b9);
SIR 10 TDI (290);
SDR 166 TDI (04030000021c8030cc3300e103e0529ca7398a03bf);
SIR 10 TDI (29e);
STATE IDLE;
RUNTEST 30001E-6 SEC;
SIR 10 TDI (2bf);
SIR 10 TDI (2a1);
SDR 11 TDI (0ba);
SIR 10 TDI (290);
SDR 166 TDI (04030000021c8030cc3300e103e0529ca739ca03bf);
SIR 10 TDI (29e);
STATE IDLE;
RUNTEST 30001E-6 SEC;
SIR 10 TDI (2bf);
SIR 10 TDI (2a1);
SDR 11 TDI (0bb);
SIR 10 TDI (290);
SDR 166 TDI (04030000021c8030cc3300210100409024090200bf);
SIR 10 TDI (29e);
STATE IDLE;
RUNTEST 30001E-6 SEC;
SIR 10 TDI (2bf);
SIR 10 TDI (2a1);
SDR 11 TDI (0bc);
SIR 10 TDI (290);
SDR 166 TDI (04010000021c8020483300e103e0529ca739ca03bf);
SIR 10 TDI (29e);
STATE IDLE;
RUNTEST 30001E-6 SEC;
SIR 10 TDI (2bf);
SIR 10 TDI (2a1);
SDR 11 TDI (0bd);
SIR 10 TDI (290);
SDR 166 TDI (00030000001c8030cc3300210100409024090200bf);
SIR 10 TDI (29e);
STATE IDLE;
RUNTEST 30001E-6 SEC;
SIR 10 TDI (2bf);
SIR 10 TDI (2a1);
SDR 11 TDI (0be);
SIR 10 TDI (290);
SDR 166 TDI (04030000021c8030cc3300e103e0529ca739ca03bf);
SIR 10 TDI (29e);
STATE IDLE;
RUNTEST 30001E-6 SEC;
SIR 10 TDI (2bf);
SIR 10 TDI (2a1);
SDR 11 TDI (0bf);
SIR 10 TDI (290);
SDR 166 TDI (04030000021c8030cc3300210100409024090200bf);
SIR 10 TDI (29e);
STATE IDLE;
RUNTEST 30001E-6 SEC;
SIR 10 TDI (2bf);
SIR 10 TDI (2a1);
SDR 11 TDI (0c0);
SIR 10 TDI (290);
SDR 166 TDI (04030000021c8030cc3300e103e0529ca739ca03bf);
SIR 10 TDI (29e);
STATE IDLE;
RUNTEST 30001E-6 SEC;
SIR 10 TDI (2bf);
SIR 10 TDI (2a1);
SDR 11 TDI (0c1);
SIR 10 TDI (290);
SDR 166 TDI (04030000021c8030cc3300e103e0529ca739ca00bf);
SIR 10 TDI (29e);
STATE IDLE;
RUNTEST 30001E-6 SEC;
SIR 10 TDI (2bf);
SIR 10 TDI (2a1);
SDR 11 TDI (0c2);
SIR 10 TDI (290);
SDR 166 TDI (04030000021c8030cc3300e103e0529ca739ca02bf);
SIR 10 TDI (29e);
STATE IDLE;
RUNTEST 30001E-6 SEC;
SIR 10 TDI (2bf);
SIR 10 TDI (2a1);
SDR 11 TDI (0c3);
SIR 10 TDI (290);
SDR 166 TDI (04030000021c8030cc3300e103e0429ca739ca03bf);
SIR 10 TDI (29e);
STATE IDLE;
RUNTEST 30001E-6 SEC;
SIR 10 TDI (2bf);
SIR 10 TDI (2a1);
SDR 11 TDI (0c4);
SIR 10 TDI (290);
SDR 166 TDI (04030000020c8030cc3300e103e0529ca739ca02bf);
SIR 10 TDI (29e);
STATE IDLE;
RUNTEST 30001E-6 SEC;
SIR 10 TDI (2bf);
SIR 10 TDI (2a1);
SDR 11 TDI (0c5);
SIR 10 TDI (290);
SDR 166 TDI (04030000021c8030cc3300e103e0529ca739c203bf);
SIR 10 TDI (29e);
STATE IDLE;
RUNTEST 30001E-6 SEC;
SIR 10 TDI (2bf);
SIR 10 TDI (2a1);
SDR 11 TDI (0c6);
SIR 10 TDI (290);
SDR 166 TDI (04030000021c8030cc3300e103e0529ca739ca00bf);
SIR 10 TDI (29e);
STATE IDLE;
RUNTEST 30001E-6 SEC;
SIR 10 TDI (2bf);
SIR 10 TDI (2a1);
SDR 11 TDI (0c7);
SIR 10 TDI (290);
SDR 166 TDI (00030000021c8030cc3100210100409024090203bf);
SIR 10 TDI (29e);
STATE IDLE;
RUNTEST 30001E-6 SEC;
SIR 10 TDI (2bf);
SIR 10 TDI (2a1);
SDR 11 TDI (0c8);
SIR 10 TDI (290);
SDR 166 TDI (04030000021c8030cc33006103e0409c2719c203bf);
SIR 10 TDI (29e);
STATE IDLE;
RUNTEST 30001E-6 SEC;
SIR 10 TDI (2bf);
SIR 10 TDI (2a1);
SDR 11 TDI (0c9);
SIR 10 TDI (290);
SDR 166 TDI (04030000021c8030cc3300a101e0529ca729ca03bf);
SIR 10 TDI (29e);
STATE IDLE;
RUNTEST 30001E-6 SEC;
SIR 10 TDI (2bf);
SIR 10 TDI (2a1);
SDR 11 TDI (0ca);
SIR 10 TDI (290);
SDR 166 TDI (04030000021c8030cc3300e103e0529ca739ca01bf);
SIR 10 TDI (29e);
STATE IDLE;
RUNTEST 30001E-6 SEC;
SIR 10 TDI (2bf);
SIR 10 TDI (2a1);
SDR 11 TDI (0cb);
SIR 10 TDI (290);
SDR 166 TDI (04030000021c8030cc3300e10100529ca739ca03bf);
SIR 10 TDI (29e);
STATE IDLE;
RUNTEST 30001E-6 SEC;
SIR 10 TDI (2bf);
SIR 10 TDI (2a1);
SDR 11 TDI (0cc);
SIR 10 TDI (290);
SDR 166 TDI (04030000021c8030cc3300e103e0409c27398203bf);
SIR 10 TDI (29e);
STATE IDLE;
RUNTEST 30001E-6 SEC;
SIR 10 TDI (2bf);
SIR 10 TDI (2a1);
SDR 11 TDI (0cd);
SIR 10 TDI (290);
SDR 166 TDI (04030000021c8030cc3300e103a0529ca7394a03bf);
SIR 10 TDI (29e);
STATE IDLE;
RUNTEST 30001E-6 SEC;
SIR 10 TDI (2bf);
SIR 10 TDI (2a1);
SDR 11 TDI (0ce);
SIR 10 TDI (290);
SDR 166 TDI (04030000021c8030cc3300e103e0529ca739ca03bf);
SIR 10 TDI (29e);
STATE IDLE;
RUNTEST 30001E-6 SEC;
SIR 10 TDI (2bf);
SIR 10 TDI (2a1);
SDR 11 TDI (0cf);
SIR 10 TDI (290);
SDR 166 TDI (04030000021c8030cc3300210100409024090200bf);
SIR 10 TDI (29e);
STATE IDLE;
RUNTEST 30001E-6 SEC;
SIR 10 TDI (2bf);
SIR 10 TDI (2a1);
SDR 11 TDI (0d0);
SIR 10 TDI (290);
SDR 166 TDI (04030000021c8030cc3300e103e0509c24090a03bf);
SIR 10 TDI (29e);
STATE IDLE;
RUNTEST 30001E-6 SEC;
SIR 10 TDI (2bf);
SIR 10 TDI (2a1);
SDR 11 TDI (0d1);
SIR 10 TDI (290);
SDR 166 TDI (04030000021c8030cc33002101004290a739c200bf);
SIR 10 TDI (29e);
STATE IDLE;
RUNTEST 30001E-6 SEC;
SIR 10 TDI (2bf);
SIR 10 TDI (2a1);
SDR 11 TDI (0d2);
SIR 10 TDI (290);
SDR 166 TDI (04030000021c8030cc3300e103e0529ca739ca03bf);
SIR 10 TDI (29e);
STATE IDLE;
RUNTEST 30001E-6 SEC;
SIR 10 TDI (2bf);
SIR 10 TDI (2a1);
SDR 11 TDI (0d3);
SIR 10 TDI (290);
SDR 166 TDI (04030000021c8030cc3300210100409024090200bf);
SIR 10 TDI (29e);
STATE IDLE;
RUNTEST 30001E-6 SEC;
SIR 10 TDI (2bf);
SIR 10 TDI (2a1);
SDR 11 TDI (0d4);
SIR 10 TDI (290);
SDR 166 TDI (04020000021c80308c3300210100409024090200bf);
SIR 10 TDI (29e);
STATE IDLE;
RUNTEST 30001E-6 SEC;
SIR 10 TDI (2bf);
SIR 10 TDI (2a1);
SDR 11 TDI (0d5);
SIR 10 TDI (290);
SDR 166 TDI (04030000021c8010c43300e103e0529ca739ca03bf);
SIR 10 TDI (29e);
STATE IDLE;
RUNTEST 30001E-6 SEC;
SIR 10 TDI (2bf);
SIR 10 TDI (2a1);
SDR 11 TDI (0d6);
SIR 10 TDI (290);
SDR 166 TDI (04030000021c8030cc3300e103e0409c2739c200bf);
SIR 10 TDI (29e);
STATE IDLE;
RUNTEST 30001E-6 SEC;
SIR 10 TDI (2bf);
SIR 10 TDI (2a1);
SDR 11 TDI (0d7);
SIR 10 TDI (290);
SDR 166 TDI (04030000021c8030cc33002101005290a4090a03bf);
SIR 10 TDI (29e);
STATE IDLE;
RUNTEST 30001E-6 SEC;
SIR 10 TDI (2bf);
SIR 10 TDI (2a1);
SDR 11 TDI (0d8);
SIR 10 TDI (290);
SDR 166 TDI (04030000021c8030cc33002103e05290a4090a03bf);
SIR 10 TDI (29e);
STATE IDLE;
RUNTEST 30001E-6 SEC;
SIR 10 TDI (2bf);
SIR 10 TDI (2a1);
SDR 11 TDI (0d9);
SIR 10 TDI (290);
SDR 166 TDI (04030000021c8030cc3300e103e0529ca739ca03bf);
SIR 10 TDI (29e);
STATE IDLE;
RUNTEST 30001E-6 SEC;
SIR 10 TDI (2bf);
SIR 10 TDI (2a1);
SDR 11 TDI (0da);
SIR 10 TDI (290);
SDR 166 TDI (04030000021c8030cc3300e103e0529ca739ca02bf);
SIR 10 TDI (29e);
STATE IDLE;
RUNTEST 30001E-6 SEC;
SIR 10 TDI (2bf);
SIR 10 TDI (2a1);
SDR 11 TDI (0db);
SIR 10 TDI (290);
SDR 166 TDI (04030000021c8030cc3300e103e0509ca739ca03bf);
SIR 10 TDI (29e);
STATE IDLE;
RUNTEST 30001E-6 SEC;
SIR 10 TDI (2bf);
SIR 10 TDI (2a1);
SDR 11 TDI (0dc);
SIR 10 TDI (290);
SDR 166 TDI (04030000021c8030cc3300e103e0529ca739ca03bf);
SIR 10 TDI (29e);
STATE IDLE;
RUNTEST 30001E-6 SEC;
SIR 10 TDI (2bf);
SIR 10 TDI (2a1);
SDR 11 TDI (0dd);
SIR 10 TDI (290);
SDR 166 TDI (04030000021c8030cc3300e103e0529ca739ca03bf);
SIR 10 TDI (29e);
STATE IDLE;
RUNTEST 30001E-6 SEC;
SIR 10 TDI (2bf);
SIR 10 TDI (2a1);
SDR 11 TDI (0de);
SIR 10 TDI (290);
SDR 166 TDI (04030000021c8030cc3300e103e0529ca739ca03bf);
SIR 10 TDI (29e);
STATE IDLE;
RUNTEST 30001E-6 SEC;
SIR 10 TDI (2bf);
SIR 10 TDI (2a1);
SDR 11 TDI (0df);
SIR 10 TDI (290);
SDR 166 TDI (04030000021c8030cc3300e103e0529ca739ca03bf);
SIR 10 TDI (29e);
STATE IDLE;
RUNTEST 30001E-6 SEC;
SIR 10 TDI (2bf);
STATE IDLE;
SIR 10 TDI (2a1);
SDR 11 TDI (000);
SIR 10 TDI (290);
SDR 166 TDI (3fffd99db9d1000800983fffe6fef7ce400000103f);
SIR 10 TDI (29e);
STATE IDLE;
RUNTEST 30001E-6 SEC;
SIR 10 TDI (2bf);
SIR 10 TDI (2a1);
SDR 11 TDI (001);
SIR 10 TDI (290);
SDR 166 TDI (3fffe00470c648811801bfffe6666666410811803f);
SIR 10 TDI (29e);
STATE IDLE;
RUNTEST 30001E-6 SEC;
SIR 10 TDI (2bf);
SIR 10 TDI (2a1);
SDR 11 TDI (002);
SIR 10 TDI (290);
SDR 166 TDI (3fffc0000000000000003fffc0001000000000003f);
SIR 10 TDI (29e);
STATE IDLE;
RUNTEST 30001E-6 SEC;
SIR 10 TDI (2bf);
SIR 10 TDI (2a1);
SDR 11 TDI (003);
SIR 10 TDI (290);
SDR 166 TDI (3fffc3f033c00cf3df03bffff3033cc3c56e97923f);
SIR 10 TDI (29e);
STATE IDLE;
RUNTEST 30001E-6 SEC;
SIR 10 TDI (2bf);
SIR 10 TDI (2a1);
SDR 11 TDI (004);
SIR 10 TDI (290);
SDR 166 TDI (3fffffffffffd11880983fffffffffffd001c808bf);
SIR 10 TDI (29e);
STATE IDLE;
RUNTEST 30001E-6 SEC;
SIR 10 TDI (2bf);
SIR 10 TDI (2a1);
SDR 11 TDI (005);
SIR 10 TDI (290);
SDR 166 TDI (3fffcfff3ffffff7ef677fffcc0f0ff32eff6f677f);
SIR 10 TDI (29e);
STATE IDLE;
RUNTEST 30001E-6 SEC;
SIR 10 TDI (2bf);
SIR 10 TDI (2a1);
SDR 11 TDI (006);
SIR 10 TDI (290);
SDR 166 TDI (3fffe59efffbc10000983fffdf9bbfb5c00000003f);
SIR 10 TDI (29e);
STATE IDLE;
RUNTEST 30001E-6 SEC;
SIR 10 TDI (2bf);
SIR 10 TDI (2a1);
SDR 11 TDI (007);
SIR 10 TDI (290);
SDR 166 TDI (3fffe6666666446602003fffe66666266855999abf);
SIR 10 TDI (29e);
STATE IDLE;
RUNTEST 30001E-6 SEC;
SIR 10 TDI (2bf);
SIR 10 TDI (2a1);
SDR 11 TDI (008);
SIR 10 TDI (290);
SDR 166 TDI (3fffc19010088cff03003fffc000000030cc00033f);
SIR 10 TDI (29e);
STATE IDLE;
RUNTEST 30001E-6 SEC;
SIR 10 TDI (2bf);
SIR 10 TDI (2a1);
SDR 11 TDI (009);
SIR 10 TDI (290);
SDR 166 TDI (3fffffffffffddff879a3fffcc000330dcff9f9bbf);
SIR 10 TDI (29e);
STATE IDLE;
RUNTEST 30001E-6 SEC;
SIR 10 TDI (2bf);
SIR 10 TDI (2a1);
SDR 11 TDI (00a);
SIR 10 TDI (290);
SDR 166 TDI (3ffffffffffffb99d9fdbfffffffffffd98811913f);
SIR 10 TDI (29e);
STATE IDLE;
RUNTEST 30001E-6 SEC;
SIR 10 TDI (2bf);
SIR 10 TDI (2a1);
SDR 11 TDI (00b);
SIR 10 TDI (290);
SDR 166 TDI (3fffcff3f00cf766feff7fffc00f0ccf2f776f667f);
SIR 10 TDI (29e);
STATE IDLE;
RUNTEST 30001E-6 SEC;
SIR 10 TDI (2bf);
STATE IDLE;
SIR 10 TDI (2a1);
SDR 11 TDI (0e0);
SIR 10 TDI (290);
SDR 166 TDI (3fffffffffffffffbffffffffbfffffffffebfffdf);
SIR 10 TDI (29e);
STATE IDLE;
RUNTEST 30001E-6 SEC;
SIR 10 TDI (2bf);
SIR 10 TDI (2a1);
SDR 11 TDI (0e1);
SIR 10 TDI (290);
SDR 166 TDI (3ffffdfdffdfddfffffffffffffffffffffffdffff);
SIR 10 TDI (29e);
STATE IDLE;
RUNTEST 30001E-6 SEC;
SIR 10 TDI (2bf);
SIR 10 TDI (2a1);
SDR 11 TDI (0e2);
SIR 10 TDI (290);
SDR 166 TDI (3fbffeffffffbffffd7ffebdfffffffdfffffe3fff);
SIR 10 TDI (29e);
STATE IDLE;
RUNTEST 30001E-6 SEC;
SIR 10 TDI (2bf);
SIR 10 TDI (2a1);
SDR 11 TDI (0e3);
SIR 10 TDI (290);
SDR 166 TDI (3fff9fffffff7fffffdfddfeff7dffdfede77fefff);
SIR 10 TDI (29e);
STATE IDLE;
RUNTEST 30001E-6 SEC;
SIR 10 TDI (2bf);
SIR 10 TDI (2a1);
SDR 11 TDI (0e4);
SIR 10 TDI (290);
SDR 166 TDI (3ffdffffbbffffbfdfbbffd7fffeabfefebfc3fbff);
SIR 10 TDI (29e);
STATE IDLE;
RUNTEST 30001E-6 SEC;
SIR 10 TDI (2bf);
SIR 10 TDI (2a1);
SDR 11 TDI (0e5);
SIR 10 TDI (290);
SDR 166 TDI (0cdffffffffffeddfffff7ffa7f77ff7b75bfffffe);
SIR 10 TDI (29e);
STATE IDLE;
RUNTEST 30001E-6 SEC;
SIR 10 TDI (2bf);
SIR 10 TDI (2a1);
SDR 11 TDI (0e6);
SIR 10 TDI (290);
SDR 166 TDI (3ffbffff5ffbffffffffffebffbfd7effbffffffe7);
SIR 10 TDI (29e);
STATE IDLE;
RUNTEST 30001E-6 SEC;
SIR 10 TDI (2bf);
SIR 10 TDI (2a1);
SDR 11 TDI (0e7);
SIR 10 TDI (290);
SDR 166 TDI (3bfffff7fc3dfbfffbfc2bfffffffc3b5ffffffc3f);
SIR 10 TDI (29e);
STATE IDLE;
RUNTEST 30001E-6 SEC;
SIR 10 TDI (2bf);
SIR 10 TDI (2a1);
SDR 11 TDI (0e8);
SIR 10 TDI (290);
SDR 166 TDI (3ffffbcbf7ffff7fffffffffffcbfffffffffff7f9);
SIR 10 TDI (29e);
STATE IDLE;
RUNTEST 30001E-6 SEC;
SIR 10 TDI (2bf);
STATE IDLE;
SIR 10 TDI (2a1);
SDR 11 TDI (200);
SIR 10 TDI (292);
SDR 4 TDI (f);
SIR 10 TDI (29e);
STATE IDLE;
RUNTEST 30001E-6 SEC;
SIR 10 TDI (2bf);
STATE IDLE;
SIR 10 TDI (2a1);
SDR 11 TDI (300);
SIR 10 TDI (293);
SDR 16 TDI (ffff);
SIR 10 TDI (29e);
STATE IDLE;
RUNTEST 30001E-6 SEC;
SIR 10 TDI (2bf);
STATE IDLE;
SIR 10 TDI (2a1);
SDR 11 TDI (100);
SIR 10 TDI (291);
SDR 32 TDI (704fb1ff);
SIR 10 TDI (29e);
STATE IDLE;
RUNTEST 30001E-6 SEC;
SIR 10 TDI (2bf);
STATE IDLE;
SIR 10 TDI (2a1);
SDR 11 TDI (00c);
SIR 10 TDI (28c);
STATE IDLE;
RUNTEST 20001E-6 SEC;
SIR 10 TDI (290);
SDR 166 TDI (0ce37c5ffa3df57fefffc4853d4a3214852948123f)
	TDO (0ce37c5ffa3df57fefffc4853d4a3214852948123f)
	MASK (3fffffffffffffffffffffffffffffffffffffffff);
SIR 10 TDI (2a1);
SDR 11 TDI (00d);
SIR 10 TDI (28c);
STATE IDLE;
RUNTEST 20001E-6 SEC;
SIR 10 TDI (290);
SDR 166 TDI (0ce37c5ffa3df57fffffc4853d4a3214852948123f)
	TDO (0ce37c5ffa3df57fffffc4853d4a3214852948123f)
	MASK (3fffffffffffffffffffffffffffffffffffffffff);
SIR 10 TDI (2a1);
SDR 11 TDI (00e);
SIR 10 TDI (28c);
STATE IDLE;
RUNTEST 20001E-6 SEC;
SIR 10 TDI (290);
SDR 166 TDI (0ce37c5ffa3df57fffffc4853d4a3214852948123f)
	TDO (0ce37c5ffa3df57fffffc4853d4a3214852948123f)
	MASK (3fffffffffffffffffffffffffffffffffffffffff);
SIR 10 TDI (2a1);
SDR 11 TDI (00f);
SIR 10 TDI (28c);
STATE IDLE;
RUNTEST 20001E-6 SEC;
SIR 10 TDI (290);
SDR 166 TDI (0ce37c5ffa3df57fffffc4853d4a3214852948123f)
	TDO (0ce37c5ffa3df57fffffc4853d4a3214852948123f)
	MASK (3fffffffffffffffffffffffffffffffffffffffff);
SIR 10 TDI (2a1);
SDR 11 TDI (010);
SIR 10 TDI (28c);
STATE IDLE;
RUNTEST 20001E-6 SEC;
SIR 10 TDI (290);
SDR 166 TDI (0ce37c5ffa3df57fffffc4853d4a3214852948123f)
	TDO (0ce37c5ffa3df57fffffc4853d4a3214852948123f)
	MASK (3fffffffffffffffffffffffffffffffffffffffff);
SIR 10 TDI (2a1);
SDR 11 TDI (011);
SIR 10 TDI (28c);
STATE IDLE;
RUNTEST 20001E-6 SEC;
SIR 10 TDI (290);
SDR 166 TDI (0ce37c5ffa3df57fffffc4853d4a3214852948123f)
	TDO (0ce37c5ffa3df57fffffc4853d4a3214852948123f)
	MASK (3fffffffffffffffffffffffffffffffffffffffff);
SIR 10 TDI (2a1);
SDR 11 TDI (012);
SIR 10 TDI (28c);
STATE IDLE;
RUNTEST 20001E-6 SEC;
SIR 10 TDI (290);
SDR 166 TDI (0ce37c5ffa3df57fffffc4853d4a3214852948123f)
	TDO (0ce37c5ffa3df57fffffc4853d4a3214852948123f)
	MASK (3fffffffffffffffffffffffffffffffffffffffff);
SIR 10 TDI (2a1);
SDR 11 TDI (013);
SIR 10 TDI (28c);
STATE IDLE;
RUNTEST 20001E-6 SEC;
SIR 10 TDI (290);
SDR 166 TDI (0ce37c5ffa3df57fffffc4853d4a3214852948123f)
	TDO (0ce37c5ffa3df57fffffc4853d4a3214852948123f)
	MASK (3fffffffffffffffffffffffffffffffffffffffff);
SIR 10 TDI (2a1);
SDR 11 TDI (014);
SIR 10 TDI (28c);
STATE IDLE;
RUNTEST 20001E-6 SEC;
SIR 10 TDI (290);
SDR 166 TDI (0ce37c5ffa3df57fffffc4853d4a3214852948123f)
	TDO (0ce37c5ffa3df57fffffc4853d4a3214852948123f)
	MASK (3fffffffffffffffffffffffffffffffffffffffff);
SIR 10 TDI (2a1);
SDR 11 TDI (015);
SIR 10 TDI (28c);
STATE IDLE;
RUNTEST 20001E-6 SEC;
SIR 10 TDI (290);
SDR 166 TDI (0ce37c5ffa3df57fffffc4853d4a3214852948123f)
	TDO (0ce37c5ffa3df57fffffc4853d4a3214852948123f)
	MASK (3fffffffffffffffffffffffffffffffffffffffff);
SIR 10 TDI (2a1);
SDR 11 TDI (016);
SIR 10 TDI (28c);
STATE IDLE;
RUNTEST 20001E-6 SEC;
SIR 10 TDI (290);
SDR 166 TDI (0ce37c5ffa3df57fffffc4853d4a3214852948123f)
	TDO (0ce37c5ffa3df57fffffc4853d4a3214852948123f)
	MASK (3fffffffffffffffffffffffffffffffffffffffff);
SIR 10 TDI (2a1);
SDR 11 TDI (017);
SIR 10 TDI (28c);
STATE IDLE;
RUNTEST 20001E-6 SEC;
SIR 10 TDI (290);
SDR 166 TDI (0ce37c5ffa3df57fffffc4853d4a3214852948123f)
	TDO (0ce37c5ffa3df57fffffc4853d4a3214852948123f)
	MASK (3fffffffffffffffffffffffffffffffffffffffff);
SIR 10 TDI (2a1);
SDR 11 TDI (018);
SIR 10 TDI (28c);
STATE IDLE;
RUNTEST 20001E-6 SEC;
SIR 10 TDI (290);
SDR 166 TDI (0ce37c5ffa3df57fffffc4853d4a3214852948123f)
	TDO (0ce37c5ffa3df57fffffc4853d4a3214852948123f)
	MASK (3fffffffffffffffffffffffffffffffffffffffff);
SIR 10 TDI (2a1);
SDR 11 TDI (019);
SIR 10 TDI (28c);
STATE IDLE;
RUNTEST 20001E-6 SEC;
SIR 10 TDI (290);
SDR 166 TDI (0ce37c5ffa3df57fffffc4853d4a3214852948123f)
	TDO (0ce37c5ffa3df57fffffc4853d4a3214852948123f)
	MASK (3fffffffffffffffffffffffffffffffffffffffff);
SIR 10 TDI (2a1);
SDR 11 TDI (01a);
SIR 10 TDI (28c);
STATE IDLE;
RUNTEST 20001E-6 SEC;
SIR 10 TDI (290);
SDR 166 TDI (0ce37c5ffa3df57fffffc4853d4a3214852948123f)
	TDO (0ce37c5ffa3df57fffffc4853d4a3214852948123f)
	MASK (3fffffffffffffffffffffffffffffffffffffffff);
SIR 10 TDI (2a1);
SDR 11 TDI (01b);
SIR 10 TDI (28c);
STATE IDLE;
RUNTEST 20001E-6 SEC;
SIR 10 TDI (290);
SDR 166 TDI (0ce37c5ffa3df57fffffc4853d4a3214852948123f)
	TDO (0ce37c5ffa3df57fffffc4853d4a3214852948123f)
	MASK (3fffffffffffffffffffffffffffffffffffffffff);
SIR 10 TDI (2a1);
SDR 11 TDI (01c);
SIR 10 TDI (28c);
STATE IDLE;
RUNTEST 20001E-6 SEC;
SIR 10 TDI (290);
SDR 166 TDI (0ce3081ffa10257fffffc4852d4a3214852948123f)
	TDO (0ce3081ffa10257fffffc4852d4a3214852948123f)
	MASK (3fffffffffffffffffffffffffffffffffffffffff);
SIR 10 TDI (2a1);
SDR 11 TDI (01d);
SIR 10 TDI (28c);
STATE IDLE;
RUNTEST 20001E-6 SEC;
SIR 10 TDI (290);
SDR 166 TDI (0ce37c5ffa3df57fffffc4853d4a3210852948123f)
	TDO (0ce37c5ffa3df57fffffc4853d4a3210852948123f)
	MASK (3fffffffffffffffffffffffffffffffffffffffff);
SIR 10 TDI (2a1);
SDR 11 TDI (01e);
SIR 10 TDI (28c);
STATE IDLE;
RUNTEST 20001E-6 SEC;
SIR 10 TDI (290);
SDR 166 TDI (0ce3081d48102576fdd6c48434423010840948123f)
	TDO (0ce3081d48102576fdd6c48434423010840948123f)
	MASK (3fffffffffffffffffffffffffffffffffffffffff);
SIR 10 TDI (2a1);
SDR 11 TDI (01f);
SIR 10 TDI (28c);
STATE IDLE;
RUNTEST 20001E-6 SEC;
SIR 10 TDI (290);
SDR 166 TDI (0ce37c5ffa3df57fffffc485094a3214852948123f)
	TDO (0ce37c5ffa3df57fffffc485094a3214852948123f)
	MASK (3fffffffffffffffffffffffffffffffffffffffff);
SIR 10 TDI (2a1);
SDR 11 TDI (020);
SIR 10 TDI (28c);
STATE IDLE;
RUNTEST 20001E-6 SEC;
SIR 10 TDI (290);
SDR 166 TDI (0ce3785ffa1d657fffffc485354a3214852948123f)
	TDO (0ce3785ffa1d657fffffc485354a3214852948123f)
	MASK (3fffffffffffffffffffffffffffffffffffffffff);
SIR 10 TDI (2a1);
SDR 11 TDI (021);
SIR 10 TDI (28c);
STATE IDLE;
RUNTEST 20001E-6 SEC;
SIR 10 TDI (290);
SDR 166 TDI (0ce34c5ffa38f57fffffc4853d4a3214842948123f)
	TDO (0ce34c5ffa38f57fffffc4853d4a3214842948123f)
	MASK (3fffffffffffffffffffffffffffffffffffffffff);
SIR 10 TDI (2a1);
SDR 11 TDI (022);
SIR 10 TDI (28c);
STATE IDLE;
RUNTEST 20001E-6 SEC;
SIR 10 TDI (290);
SDR 166 TDI (0ce17c5ef83df55b93ffc4853d4a3214852948123f)
	TDO (0ce17c5ef83df55b93ffc4853d4a3214852948123f)
	MASK (3fffffffffffffffffffffffffffffffffffffffff);
SIR 10 TDI (2a1);
SDR 11 TDI (023);
SIR 10 TDI (28c);
STATE IDLE;
RUNTEST 20001E-6 SEC;
SIR 10 TDI (290);
SDR 166 TDI (0ce3080bfa10253d6ed6c4843d423210840948123f)
	TDO (0ce3080bfa10253d6ed6c4843d423210840948123f)
	MASK (3fffffffffffffffffffffffffffffffffffffffff);
SIR 10 TDI (2a1);
SDR 11 TDI (024);
SIR 10 TDI (28c);
STATE IDLE;
RUNTEST 20001E-6 SEC;
SIR 10 TDI (290);
SDR 166 TDI (0ce3181ffa15257fffffc4840c423010840948123f)
	TDO (0ce3181ffa15257fffffc4840c423010840948123f)
	MASK (3fffffffffffffffffffffffffffffffffffffffff);
SIR 10 TDI (2a1);
SDR 11 TDI (025);
SIR 10 TDI (28c);
STATE IDLE;
RUNTEST 20001E-6 SEC;
SIR 10 TDI (290);
SDR 166 TDI (0ce36c5ffa38f57fffffc485314a3214852948123f)
	TDO (0ce36c5ffa38f57fffffc485314a3214852948123f)
	MASK (3fffffffffffffffffffffffffffffffffffffffff);
SIR 10 TDI (2a1);
SDR 11 TDI (026);
SIR 10 TDI (28c);
STATE IDLE;
RUNTEST 20001E-6 SEC;
SIR 10 TDI (290);
SDR 166 TDI (08e3081d48102576fdd6c4843c423010840948123f)
	TDO (08e3081d48102576fdd6c4843c423010840948123f)
	MASK (3fffffffffffffffffffffffffffffffffffffffff);
SIR 10 TDI (2a1);
SDR 11 TDI (027);
SIR 10 TDI (28c);
STATE IDLE;
RUNTEST 20001E-6 SEC;
SIR 10 TDI (290);
SDR 166 TDI (0ce37c5ffa3df57fffffc4853d4a3214852948123f)
	TDO (0ce37c5ffa3df57fffffc4853d4a3214852948123f)
	MASK (3fffffffffffffffffffffffffffffffffffffffff);
SIR 10 TDI (2a1);
SDR 11 TDI (028);
SIR 10 TDI (28c);
STATE IDLE;
RUNTEST 20001E-6 SEC;
SIR 10 TDI (290);
SDR 166 TDI (0ce3081d48102576fdd6c4853d4a3214852940123f)
	TDO (0ce3081d48102576fdd6c4853d4a3214852940123f)
	MASK (3fffffffffffffffffffffffffffffffffffffffff);
SIR 10 TDI (2a1);
SDR 11 TDI (029);
SIR 10 TDI (28c);
STATE IDLE;
RUNTEST 20001E-6 SEC;
SIR 10 TDI (290);
SDR 166 TDI (0ce37c5ffa3df57fffffc4843d423210842948123f)
	TDO (0ce37c5ffa3df57fffffc4843d423210842948123f)
	MASK (3fffffffffffffffffffffffffffffffffffffffff);
SIR 10 TDI (2a1);
SDR 11 TDI (02a);
SIR 10 TDI (28c);
STATE IDLE;
RUNTEST 20001E-6 SEC;
SIR 10 TDI (290);
SDR 166 TDI (0ce3081ffa10257fffffc4851d4a3214852948123f)
	TDO (0ce3081ffa10257fffffc4851d4a3214852948123f)
	MASK (3fffffffffffffffffffffffffffffffffffffffff);
SIR 10 TDI (2a1);
SDR 11 TDI (02b);
SIR 10 TDI (28c);
STATE IDLE;
RUNTEST 20001E-6 SEC;
SIR 10 TDI (290);
SDR 166 TDI (0ce37c5ffa3df57fffffc4843d4a3214852948123f)
	TDO (0ce37c5ffa3df57fffffc4843d4a3214852948123f)
	MASK (3fffffffffffffffffffffffffffffffffffffffff);
SIR 10 TDI (2a1);
SDR 11 TDI (02c);
SIR 10 TDI (28c);
STATE IDLE;
RUNTEST 20001E-6 SEC;
SIR 10 TDI (290);
SDR 166 TDI (0ce37c5fea3df57fffffc4853d4a3214852948123f)
	TDO (0ce37c5fea3df57fffffc4853d4a3214852948123f)
	MASK (3fffffffffffffffffffffffffffffffffffffffff);
SIR 10 TDI (2a1);
SDR 11 TDI (02d);
SIR 10 TDI (28c);
STATE IDLE;
RUNTEST 20001E-6 SEC;
SIR 10 TDI (290);
SDR 166 TDI (0ce37c5ffa3df57fffd6c4853d4a3214852948123f)
	TDO (0ce37c5ffa3df57fffd6c4853d4a3214852948123f)
	MASK (3fffffffffffffffffffffffffffffffffffffffff);
SIR 10 TDI (2a1);
SDR 11 TDI (02e);
SIR 10 TDI (28c);
STATE IDLE;
RUNTEST 20001E-6 SEC;
SIR 10 TDI (290);
SDR 166 TDI (0ce37c5ffa3df47fffffc4843d4a3210852948103f)
	TDO (0ce37c5ffa3df47fffffc4843d4a3210852948103f)
	MASK (3fffffffffffffffffffffffffffffffffffffffff);
SIR 10 TDI (2a1);
SDR 11 TDI (02f);
SIR 10 TDI (28c);
STATE IDLE;
RUNTEST 20001E-6 SEC;
SIR 10 TDI (290);
SDR 166 TDI (0ce37c5f403df57fffffc4853d423214842948123f)
	TDO (0ce37c5f403df57fffffc4853d423214842948123f)
	MASK (3fffffffffffffffffffffffffffffffffffffffff);
SIR 10 TDI (2a1);
SDR 11 TDI (030);
SIR 10 TDI (28c);
STATE IDLE;
RUNTEST 20001E-6 SEC;
SIR 10 TDI (290);
SDR 166 TDI (0ce37c5f7a3df57fffff84853d4a3214852948123f)
	TDO (0ce37c5f7a3df57fffff84853d4a3214852948123f)
	MASK (3fffffffffffffffffffffffffffffffffffffffff);
SIR 10 TDI (2a1);
SDR 11 TDI (031);
SIR 10 TDI (28c);
STATE IDLE;
RUNTEST 20001E-6 SEC;
SIR 10 TDI (290);
SDR 166 TDI (0ce37c5ffa3df57ffff4c4853d4a3214852948123f)
	TDO (0ce37c5ffa3df57ffff4c4853d4a3214852948123f)
	MASK (3fffffffffffffffffffffffffffffffffffffffff);
SIR 10 TDI (2a1);
SDR 11 TDI (032);
SIR 10 TDI (28c);
STATE IDLE;
RUNTEST 20001E-6 SEC;
SIR 10 TDI (290);
SDR 166 TDI (0ce37c5ffa3df57fffffc4853d4a3214042948123f)
	TDO (0ce37c5ffa3df57fffffc4853d4a3214042948123f)
	MASK (3fffffffffffffffffffffffffffffffffffffffff);
SIR 10 TDI (2a1);
SDR 11 TDI (033);
SIR 10 TDI (28c);
STATE IDLE;
RUNTEST 20001E-6 SEC;
SIR 10 TDI (290);
SDR 166 TDI (0ce37c5ffa3df57fffffc4843d423210852948123f)
	TDO (0ce37c5ffa3df57fffffc4843d423210852948123f)
	MASK (3fffffffffffffffffffffffffffffffffffffffff);
SIR 10 TDI (2a1);
SDR 11 TDI (034);
SIR 10 TDI (28c);
STATE IDLE;
RUNTEST 20001E-6 SEC;
SIR 10 TDI (290);
SDR 166 TDI (0ce37c5ffa3df17fffffc4853d4a1214852948023f)
	TDO (0ce37c5ffa3df17fffffc4853d4a1214852948023f)
	MASK (3fffffffffffffffffffffffffffffffffffffffff);
SIR 10 TDI (2a1);
SDR 11 TDI (035);
SIR 10 TDI (28c);
STATE IDLE;
RUNTEST 20001E-6 SEC;
SIR 10 TDI (290);
SDR 166 TDI (0ce37c5f483df57fffd6c48401423010840948123f)
	TDO (0ce37c5f483df57fffd6c48401423010840948123f)
	MASK (3fffffffffffffffffffffffffffffffffffffffff);
SIR 10 TDI (2a1);
SDR 11 TDI (036);
SIR 10 TDI (28c);
STATE IDLE;
RUNTEST 20001E-6 SEC;
SIR 10 TDI (290);
SDR 166 TDI (0ce3745ffa2dd57fffffc4853d4a3214852948123f)
	TDO (0ce3745ffa2dd57fffffc4853d4a3214852948123f)
	MASK (3fffffffffffffffffffffffffffffffffffffffff);
SIR 10 TDI (2a1);
SDR 11 TDI (037);
SIR 10 TDI (28c);
STATE IDLE;
RUNTEST 20001E-6 SEC;
SIR 10 TDI (290);
SDR 166 TDI (0cc37c5fba3df57fffbf44813d482004812048123f)
	TDO (0cc37c5fba3df57fffbf44813d482004812048123f)
	MASK (3fffffffffffffffffffffffffffffffffffffffff);
SIR 10 TDI (2a1);
SDR 11 TDI (038);
SIR 10 TDI (28c);
STATE IDLE;
RUNTEST 20001E-6 SEC;
SIR 10 TDI (290);
SDR 166 TDI (0ce37c5f7a3df57fff7ec485014a3214852948123f)
	TDO (0ce37c5f7a3df57fff7ec485014a3214852948123f)
	MASK (3fffffffffffffffffffffffffffffffffffffffff);
SIR 10 TDI (2a1);
SDR 11 TDI (039);
SIR 10 TDI (28c);
STATE IDLE;
RUNTEST 20001E-6 SEC;
SIR 10 TDI (290);
SDR 166 TDI (0ce37c5ffa3df57fffcfc4853d4a3214850948123f)
	TDO (0ce37c5ffa3df57fffcfc4853d4a3214850948123f)
	MASK (3fffffffffffffffffffffffffffffffffffffffff);
SIR 10 TDI (2a1);
SDR 11 TDI (03a);
SIR 10 TDI (28c);
STATE IDLE;
RUNTEST 20001E-6 SEC;
SIR 10 TDI (290);
SDR 166 TDI (0ce27c5ffa3df57fffffc4853d4a3214852948123f)
	TDO (0ce27c5ffa3df57fffffc4853d4a3214852948123f)
	MASK (3fffffffffffffffffffffffffffffffffffffffff);
SIR 10 TDI (2a1);
SDR 11 TDI (03b);
SIR 10 TDI (28c);
STATE IDLE;
RUNTEST 20001E-6 SEC;
SIR 10 TDI (290);
SDR 166 TDI (0ce3081d48102576fdd6c4843c423010840948123f)
	TDO (0ce3081d48102576fdd6c4843c423010840948123f)
	MASK (3fffffffffffffffffffffffffffffffffffffffff);
SIR 10 TDI (2a1);
SDR 11 TDI (03c);
SIR 10 TDI (28c);
STATE IDLE;
RUNTEST 20001E-6 SEC;
SIR 10 TDI (290);
SDR 166 TDI (08e27c5ffa3df57fffffc4853d4a2214852948123f)
	TDO (08e27c5ffa3df57fffffc4853d4a2214852948123f)
	MASK (3fffffffffffffffffffffffffffffffffffffffff);
SIR 10 TDI (2a1);
SDR 11 TDI (03d);
SIR 10 TDI (28c);
STATE IDLE;
RUNTEST 20001E-6 SEC;
SIR 10 TDI (290);
SDR 166 TDI (04e17c5ffa3df57fffffc4853d4a3214852948023f)
	TDO (04e17c5ffa3df57fffffc4853d4a3214852948023f)
	MASK (3fffffffffffffffffffffffffffffffffffffffff);
SIR 10 TDI (2a1);
SDR 11 TDI (03e);
SIR 10 TDI (28c);
STATE IDLE;
RUNTEST 20001E-6 SEC;
SIR 10 TDI (290);
SDR 166 TDI (0ce3081f4810257ffed6c4843d423210840948123f)
	TDO (0ce3081f4810257ffed6c4843d423210840948123f)
	MASK (3fffffffffffffffffffffffffffffffffffffffff);
SIR 10 TDI (2a1);
SDR 11 TDI (03f);
SIR 10 TDI (28c);
STATE IDLE;
RUNTEST 20001E-6 SEC;
SIR 10 TDI (290);
SDR 166 TDI (0ce37c42fa3df50903ffc4853d4a3214852948123f)
	TDO (0ce37c42fa3df50903ffc4853d4a3214852948123f)
	MASK (3fffffffffffffffffffffffffffffffffffffffff);
SIR 10 TDI (2a1);
SDR 11 TDI (040);
SIR 10 TDI (28c);
STATE IDLE;
RUNTEST 20001E-6 SEC;
SIR 10 TDI (290);
SDR 166 TDI (0ce37c5ffa3df57fffffc4853d4a3214852948123f)
	TDO (0ce37c5ffa3df57fffffc4853d4a3214852948123f)
	MASK (3fffffffffffffffffffffffffffffffffffffffff);
SIR 10 TDI (2a1);
SDR 11 TDI (041);
SIR 10 TDI (28c);
STATE IDLE;
RUNTEST 20001E-6 SEC;
SIR 10 TDI (290);
SDR 166 TDI (0ce37c5ffa3df57fffffc4853d4a3214852948123f)
	TDO (0ce37c5ffa3df57fffffc4853d4a3214852948123f)
	MASK (3fffffffffffffffffffffffffffffffffffffffff);
SIR 10 TDI (2a1);
SDR 11 TDI (042);
SIR 10 TDI (28c);
STATE IDLE;
RUNTEST 20001E-6 SEC;
SIR 10 TDI (290);
SDR 166 TDI (0ce37c5ffa3df57fffffc4853d4a3214852948123f)
	TDO (0ce37c5ffa3df57fffffc4853d4a3214852948123f)
	MASK (3fffffffffffffffffffffffffffffffffffffffff);
SIR 10 TDI (2a1);
SDR 11 TDI (043);
SIR 10 TDI (28c);
STATE IDLE;
RUNTEST 20001E-6 SEC;
SIR 10 TDI (290);
SDR 166 TDI (0ce37c5ffa3df57fffffc4853d4a3214852948123f)
	TDO (0ce37c5ffa3df57fffffc4853d4a3214852948123f)
	MASK (3fffffffffffffffffffffffffffffffffffffffff);
SIR 10 TDI (2a1);
SDR 11 TDI (044);
SIR 10 TDI (28c);
STATE IDLE;
RUNTEST 20001E-6 SEC;
SIR 10 TDI (290);
SDR 166 TDI (0ce37c5ffa3df57fffffc4843d423210840948123f)
	TDO (0ce37c5ffa3df57fffffc4843d423210840948123f)
	MASK (3fffffffffffffffffffffffffffffffffffffffff);
SIR 10 TDI (2a1);
SDR 11 TDI (045);
SIR 10 TDI (28c);
STATE IDLE;
RUNTEST 20001E-6 SEC;
SIR 10 TDI (290);
SDR 166 TDI (0ce37c5d483df576fdd6c4853d4a3214852908123f)
	TDO (0ce37c5d483df576fdd6c4853d4a3214852908123f)
	MASK (3fffffffffffffffffffffffffffffffffffffffff);
SIR 10 TDI (2a1);
SDR 11 TDI (046);
SIR 10 TDI (28c);
STATE IDLE;
RUNTEST 20001E-6 SEC;
SIR 10 TDI (290);
SDR 166 TDI (0ce37c5ffa3df57fffffc0853d423210852948123f)
	TDO (0ce37c5ffa3df57fffffc0853d423210852948123f)
	MASK (3fffffffffffffffffffffffffffffffffffffffff);
SIR 10 TDI (2a1);
SDR 11 TDI (047);
SIR 10 TDI (28c);
STATE IDLE;
RUNTEST 20001E-6 SEC;
SIR 10 TDI (290);
SDR 166 TDI (0ce3081d48102576fdd6c4843d4a3214842948123f)
	TDO (0ce3081d48102576fdd6c4843d4a3214842948123f)
	MASK (3fffffffffffffffffffffffffffffffffffffffff);
SIR 10 TDI (2a1);
SDR 11 TDI (048);
SIR 10 TDI (28c);
STATE IDLE;
RUNTEST 20001E-6 SEC;
SIR 10 TDI (290);
SDR 166 TDI (0ce3081f4810257fffd6c48428423010840948123f)
	TDO (0ce3081f4810257fffd6c48428423010840948123f)
	MASK (3fffffffffffffffffffffffffffffffffffffffff);
SIR 10 TDI (2a1);
SDR 11 TDI (049);
SIR 10 TDI (28c);
STATE IDLE;
RUNTEST 20001E-6 SEC;
SIR 10 TDI (290);
SDR 166 TDI (0ce37c5dfa3df576fdffc485154a3214852948123f)
	TDO (0ce37c5dfa3df576fdffc485154a3214852948123f)
	MASK (3fffffffffffffffffffffffffffffffffffffffff);
SIR 10 TDI (2a1);
SDR 11 TDI (04a);
SIR 10 TDI (28c);
STATE IDLE;
RUNTEST 20001E-6 SEC;
SIR 10 TDI (290);
SDR 166 TDI (0ce37c5efa3df56f3bffc485394a3214852948123f)
	TDO (0ce37c5efa3df56f3bffc485394a3214852948123f)
	MASK (3fffffffffffffffffffffffffffffffffffffffff);
SIR 10 TDI (2a1);
SDR 11 TDI (04b);
SIR 10 TDI (28c);
STATE IDLE;
RUNTEST 20001E-6 SEC;
SIR 10 TDI (290);
SDR 166 TDI (0ce3080b4810251dc6d6c4853d423214852948123f)
	TDO (0ce3080b4810251dc6d6c4853d423214852948123f)
	MASK (3fffffffffffffffffffffffffffffffffffffffff);
SIR 10 TDI (2a1);
SDR 11 TDI (04c);
SIR 10 TDI (28c);
STATE IDLE;
RUNTEST 20001E-6 SEC;
SIR 10 TDI (290);
SDR 166 TDI (0c63785ff23df57fffffc4843d423210840948123f)
	TDO (0c63785ff23df57fffffc4843d423210840948123f)
	MASK (3fffffffffffffffffffffffffffffffffffffffff);
SIR 10 TDI (2a1);
SDR 11 TDI (04d);
SIR 10 TDI (28c);
STATE IDLE;
RUNTEST 20001E-6 SEC;
SIR 10 TDI (290);
SDR 166 TDI (0ca31c1ffa11357fffffc4853c4a3014852948123f)
	TDO (0ca31c1ffa11357fffffc4853c4a3014852948123f)
	MASK (3fffffffffffffffffffffffffffffffffffffffff);
SIR 10 TDI (2a1);
SDR 11 TDI (04e);
SIR 10 TDI (28c);
STATE IDLE;
RUNTEST 20001E-6 SEC;
SIR 10 TDI (290);
SDR 166 TDI (0ce3681ffa35b57fffefc4853d4a3214852948123f)
	TDO (0ce3681ffa35b57fffefc4853d4a3214852948123f)
	MASK (3fffffffffffffffffffffffffffffffffffffffff);
SIR 10 TDI (2a1);
SDR 11 TDI (04f);
SIR 10 TDI (28c);
STATE IDLE;
RUNTEST 20001E-6 SEC;
SIR 10 TDI (290);
SDR 166 TDI (0ce37c5ff23df57fff7fc4843c423010840948123f)
	TDO (0ce37c5ff23df57fff7fc4843c423010840948123f)
	MASK (3fffffffffffffffffffffffffffffffffffffffff);
SIR 10 TDI (2a1);
SDR 11 TDI (050);
SIR 10 TDI (28c);
STATE IDLE;
RUNTEST 20001E-6 SEC;
SIR 10 TDI (290);
SDR 166 TDI (0ce37c1ffa14e57ffffdc4053d4a3214852948123f)
	TDO (0ce37c1ffa14e57ffffdc4053d4a3214852948123f)
	MASK (3fffffffffffffffffffffffffffffffffffffffff);
SIR 10 TDI (2a1);
SDR 11 TDI (051);
SIR 10 TDI (28c);
STATE IDLE;
RUNTEST 20001E-6 SEC;
SIR 10 TDI (290);
SDR 166 TDI (0ce37c5ff23df57fffff84853d4a3214852948023f)
	TDO (0ce37c5ff23df57fffff84853d4a3214852948023f)
	MASK (3fffffffffffffffffffffffffffffffffffffffff);
SIR 10 TDI (2a1);
SDR 11 TDI (052);
SIR 10 TDI (28c);
STATE IDLE;
RUNTEST 20001E-6 SEC;
SIR 10 TDI (290);
SDR 166 TDI (0ce37c5ffa3df55fd7ffc4853d4a3214852948123f)
	TDO (0ce37c5ffa3df55fd7ffc4853d4a3214852948123f)
	MASK (3fffffffffffffffffffffffffffffffffffffffff);
SIR 10 TDI (2a1);
SDR 11 TDI (053);
SIR 10 TDI (28c);
STATE IDLE;
RUNTEST 20001E-6 SEC;
SIR 10 TDI (290);
SDR 166 TDI (0ce30812481025292ad6c4843d423210840948123f)
	TDO (0ce30812481025292ad6c4843d423210840948123f)
	MASK (3fffffffffffffffffffffffffffffffffffffffff);
SIR 10 TDI (2a1);
SDR 11 TDI (054);
SIR 10 TDI (28c);
STATE IDLE;
RUNTEST 20001E-6 SEC;
SIR 10 TDI (290);
SDR 166 TDI (0c237c5d403df576fd4484843c423010840948123f)
	TDO (0c237c5d403df576fd4484843c423010840948123f)
	MASK (3fffffffffffffffffffffffffffffffffffffffff);
SIR 10 TDI (2a1);
SDR 11 TDI (055);
SIR 10 TDI (28c);
STATE IDLE;
RUNTEST 20001E-6 SEC;
SIR 10 TDI (290);
SDR 166 TDI (0ce3081ffa10257fffffc4853d4a3214852908123f)
	TDO (0ce3081ffa10257fffffc4853d4a3214852908123f)
	MASK (3fffffffffffffffffffffffffffffffffffffffff);
SIR 10 TDI (2a1);
SDR 11 TDI (056);
SIR 10 TDI (28c);
STATE IDLE;
RUNTEST 20001E-6 SEC;
SIR 10 TDI (290);
SDR 166 TDI (0ce37c5ffa3df57fffffc4853d4a3014852948123f)
	TDO (0ce37c5ffa3df57fffffc4853d4a3014852948123f)
	MASK (3fffffffffffffffffffffffffffffffffffffffff);
SIR 10 TDI (2a1);
SDR 11 TDI (057);
SIR 10 TDI (28c);
STATE IDLE;
RUNTEST 20001E-6 SEC;
SIR 10 TDI (290);
SDR 166 TDI (0ce37c5ffa3df57fffffc4853d4a3214852948123f)
	TDO (0ce37c5ffa3df57fffffc4853d4a3214852948123f)
	MASK (3fffffffffffffffffffffffffffffffffffffffff);
SIR 10 TDI (2a1);
SDR 11 TDI (058);
SIR 10 TDI (28c);
STATE IDLE;
RUNTEST 20001E-6 SEC;
SIR 10 TDI (290);
SDR 166 TDI (0ce3785ffa1d657fffffc4853d4a3214852948123f)
	TDO (0ce3785ffa1d657fffffc4853d4a3214852948123f)
	MASK (3fffffffffffffffffffffffffffffffffffffffff);
SIR 10 TDI (2a1);
SDR 11 TDI (059);
SIR 10 TDI (28c);
STATE IDLE;
RUNTEST 20001E-6 SEC;
SIR 10 TDI (290);
SDR 166 TDI (0ce32c5ffa38f57fffffc4853d4a3214852948123f)
	TDO (0ce32c5ffa38f57fffffc4853d4a3214852948123f)
	MASK (3fffffffffffffffffffffffffffffffffffffffff);
SIR 10 TDI (2a1);
SDR 11 TDI (05a);
SIR 10 TDI (28c);
STATE IDLE;
RUNTEST 20001E-6 SEC;
SIR 10 TDI (290);
SDR 166 TDI (0ce37c5ffa3df57fffffc4853d4a3214852948123f)
	TDO (0ce37c5ffa3df57fffffc4853d4a3214852948123f)
	MASK (3fffffffffffffffffffffffffffffffffffffffff);
SIR 10 TDI (2a1);
SDR 11 TDI (05b);
SIR 10 TDI (28c);
STATE IDLE;
RUNTEST 20001E-6 SEC;
SIR 10 TDI (290);
SDR 166 TDI (0ce3081d48102576fdd6c4843c423010840948123f)
	TDO (0ce3081d48102576fdd6c4843c423010840948123f)
	MASK (3fffffffffffffffffffffffffffffffffffffffff);
SIR 10 TDI (2a1);
SDR 11 TDI (05c);
SIR 10 TDI (28c);
STATE IDLE;
RUNTEST 20001E-6 SEC;
SIR 10 TDI (290);
SDR 166 TDI (04e37c47fa3df56b5fffc4853d4a3214852948123f)
	TDO (04e37c47fa3df56b5fffc4853d4a3214852948123f)
	MASK (3fffffffffffffffffffffffffffffffffffffffff);
SIR 10 TDI (2a1);
SDR 11 TDI (05d);
SIR 10 TDI (28c);
STATE IDLE;
RUNTEST 20001E-6 SEC;
SIR 10 TDI (290);
SDR 166 TDI (0ce3081f4810255fb6d2c4843d423210840948123f)
	TDO (0ce3081f4810255fb6d2c4843d423210840948123f)
	MASK (3fffffffffffffffffffffffffffffffffffffffff);
SIR 10 TDI (2a1);
SDR 11 TDI (05e);
SIR 10 TDI (28c);
STATE IDLE;
RUNTEST 20001E-6 SEC;
SIR 10 TDI (290);
SDR 166 TDI (0ca37c5fda3df57fffffc4853d4a3214852948123f)
	TDO (0ca37c5fda3df57fffffc4853d4a3214852948123f)
	MASK (3fffffffffffffffffffffffffffffffffffffffff);
SIR 10 TDI (2a1);
SDR 11 TDI (05f);
SIR 10 TDI (28c);
STATE IDLE;
RUNTEST 20001E-6 SEC;
SIR 10 TDI (290);
SDR 166 TDI (0c637c5ffa3df57fffd6c4843c423010840948123f)
	TDO (0c637c5ffa3df57fffd6c4843c423010840948123f)
	MASK (3fffffffffffffffffffffffffffffffffffffffff);
SIR 10 TDI (2a1);
SDR 11 TDI (060);
SIR 10 TDI (28c);
STATE IDLE;
RUNTEST 20001E-6 SEC;
SIR 10 TDI (290);
SDR 166 TDI (0ce3081d48102576fdd6c4853d4a3214852948123f)
	TDO (0ce3081d48102576fdd6c4853d4a3214852948123f)
	MASK (3fffffffffffffffffffffffffffffffffffffffff);
SIR 10 TDI (2a1);
SDR 11 TDI (061);
SIR 10 TDI (28c);
STATE IDLE;
RUNTEST 20001E-6 SEC;
SIR 10 TDI (290);
SDR 166 TDI (0ce37c5ffa3df57fffffc4843c423010840948123f)
	TDO (0ce37c5ffa3df57fffffc4843c423010840948123f)
	MASK (3fffffffffffffffffffffffffffffffffffffffff);
SIR 10 TDI (2a1);
SDR 11 TDI (062);
SIR 10 TDI (28c);
STATE IDLE;
RUNTEST 20001E-6 SEC;
SIR 10 TDI (290);
SDR 166 TDI (0ce37c5ffa3df57fffffc4853d4a3214852948123f)
	TDO (0ce37c5ffa3df57fffffc4853d4a3214852948123f)
	MASK (3fffffffffffffffffffffffffffffffffffffffff);
SIR 10 TDI (2a1);
SDR 11 TDI (063);
SIR 10 TDI (28c);
STATE IDLE;
RUNTEST 20001E-6 SEC;
SIR 10 TDI (290);
SDR 166 TDI (0ce3081d48102576fdd6c4843d423210840948123f)
	TDO (0ce3081d48102576fdd6c4843d423210840948123f)
	MASK (3fffffffffffffffffffffffffffffffffffffffff);
SIR 10 TDI (2a1);
SDR 11 TDI (064);
SIR 10 TDI (28c);
STATE IDLE;
RUNTEST 20001E-6 SEC;
SIR 10 TDI (290);
SDR 166 TDI (0ce37c5f483df57fffd6c4853d4a3214852948123f)
	TDO (0ce37c5f483df57fffd6c4853d4a3214852948123f)
	MASK (3fffffffffffffffffffffffffffffffffffffffff);
SIR 10 TDI (2a1);
SDR 11 TDI (065);
SIR 10 TDI (28c);
STATE IDLE;
RUNTEST 20001E-6 SEC;
SIR 10 TDI (290);
SDR 166 TDI (0c237c5ff23df57fff6d84853d4a3214852948123f)
	TDO (0c237c5ff23df57fff6d84853d4a3214852948123f)
	MASK (3fffffffffffffffffffffffffffffffffffffffff);
SIR 10 TDI (2a1);
SDR 11 TDI (066);
SIR 10 TDI (28c);
STATE IDLE;
RUNTEST 20001E-6 SEC;
SIR 10 TDI (290);
SDR 166 TDI (0ce3081f4810253dffd6c4843d423210840948123f)
	TDO (0ce3081f4810253dffd6c4843d423210840948123f)
	MASK (3fffffffffffffffffffffffffffffffffffffffff);
SIR 10 TDI (2a1);
SDR 11 TDI (067);
SIR 10 TDI (28c);
STATE IDLE;
RUNTEST 20001E-6 SEC;
SIR 10 TDI (290);
SDR 166 TDI (0ce37c46fa3df54b12fbc4853d4a3214852948123f)
	TDO (0ce37c46fa3df54b12fbc4853d4a3214852948123f)
	MASK (3fffffffffffffffffffffffffffffffffffffffff);
SIR 10 TDI (2a1);
SDR 11 TDI (068);
SIR 10 TDI (28c);
STATE IDLE;
RUNTEST 20001E-6 SEC;
SIR 10 TDI (290);
SDR 166 TDI (0ce37c5ffa3df57fffffc4853d4a3214852948123f)
	TDO (0ce37c5ffa3df57fffffc4853d4a3214852948123f)
	MASK (3fffffffffffffffffffffffffffffffffffffffff);
SIR 10 TDI (2a1);
SDR 11 TDI (069);
SIR 10 TDI (28c);
STATE IDLE;
RUNTEST 20001E-6 SEC;
SIR 10 TDI (290);
SDR 166 TDI (0ce37c5ffa3df57fffffc4853d4a3214852948123f)
	TDO (0ce37c5ffa3df57fffffc4853d4a3214852948123f)
	MASK (3fffffffffffffffffffffffffffffffffffffffff);
SIR 10 TDI (2a1);
SDR 11 TDI (06a);
SIR 10 TDI (28c);
STATE IDLE;
RUNTEST 20001E-6 SEC;
SIR 10 TDI (290);
SDR 166 TDI (0ce37c5ffa3df57fffffc4853d4a3214852948123f)
	TDO (0ce37c5ffa3df57fffffc4853d4a3214852948123f)
	MASK (3fffffffffffffffffffffffffffffffffffffffff);
SIR 10 TDI (2a1);
SDR 11 TDI (06b);
SIR 10 TDI (28c);
STATE IDLE;
RUNTEST 20001E-6 SEC;
SIR 10 TDI (290);
SDR 166 TDI (0ce37c5ffa3df57fffffc4853d4a3214852948123f)
	TDO (0ce37c5ffa3df57fffffc4853d4a3214852948123f)
	MASK (3fffffffffffffffffffffffffffffffffffffffff);
STATE IDLE;
SIR 10 TDI (2a1);
SDR 11 TDI (080);
SIR 10 TDI (28c);
STATE IDLE;
RUNTEST 20001E-6 SEC;
SIR 10 TDI (290);
SDR 166 TDI (04030000021c8030cc3300e103e0529ca739ca03bf)
	TDO (04030000021c8030cc3300e103e0529ca739ca03bf)
	MASK (3fffffffffffffffffffffffffffffffffffffffff);
SIR 10 TDI (2a1);
SDR 11 TDI (081);
SIR 10 TDI (28c);
STATE IDLE;
RUNTEST 20001E-6 SEC;
SIR 10 TDI (290);
SDR 166 TDI (04030000021c8030cc3300e103e0529ca739ca03bf)
	TDO (04030000021c8030cc3300e103e0529ca739ca03bf)
	MASK (3fffffffffffffffffffffffffffffffffffffffff);
SIR 10 TDI (2a1);
SDR 11 TDI (082);
SIR 10 TDI (28c);
STATE IDLE;
RUNTEST 20001E-6 SEC;
SIR 10 TDI (290);
SDR 166 TDI (04030000021c8030cc3300e103e0529ca739ca03bf)
	TDO (04030000021c8030cc3300e103e0529ca739ca03bf)
	MASK (3fffffffffffffffffffffffffffffffffffffffff);
SIR 10 TDI (2a1);
SDR 11 TDI (083);
SIR 10 TDI (28c);
STATE IDLE;
RUNTEST 20001E-6 SEC;
SIR 10 TDI (290);
SDR 166 TDI (04030000021c8030cc3300e103e0529ca739ca03bf)
	TDO (04030000021c8030cc3300e103e0529ca739ca03bf)
	MASK (3fffffffffffffffffffffffffffffffffffffffff);
SIR 10 TDI (2a1);
SDR 11 TDI (084);
SIR 10 TDI (28c);
STATE IDLE;
RUNTEST 20001E-6 SEC;
SIR 10 TDI (290);
SDR 166 TDI (04030000021c8030cc3300e103e0529ca739ca03bf)
	TDO (04030000021c8030cc3300e103e0529ca739ca03bf)
	MASK (3fffffffffffffffffffffffffffffffffffffffff);
SIR 10 TDI (2a1);
SDR 11 TDI (085);
SIR 10 TDI (28c);
STATE IDLE;
RUNTEST 20001E-6 SEC;
SIR 10 TDI (290);
SDR 166 TDI (04030000021c8030cc3300e103e0529ca739ca03bf)
	TDO (04030000021c8030cc3300e103e0529ca739ca03bf)
	MASK (3fffffffffffffffffffffffffffffffffffffffff);
SIR 10 TDI (2a1);
SDR 11 TDI (086);
SIR 10 TDI (28c);
STATE IDLE;
RUNTEST 20001E-6 SEC;
SIR 10 TDI (290);
SDR 166 TDI (04030000021c8030cc3300e103e0529ca739ca03bf)
	TDO (04030000021c8030cc3300e103e0529ca739ca03bf)
	MASK (3fffffffffffffffffffffffffffffffffffffffff);
SIR 10 TDI (2a1);
SDR 11 TDI (087);
SIR 10 TDI (28c);
STATE IDLE;
RUNTEST 20001E-6 SEC;
SIR 10 TDI (290);
SDR 166 TDI (04030000021c8030cc3300e103e0529ca739ca03bf)
	TDO (04030000021c8030cc3300e103e0529ca739ca03bf)
	MASK (3fffffffffffffffffffffffffffffffffffffffff);
SIR 10 TDI (2a1);
SDR 11 TDI (088);
SIR 10 TDI (28c);
STATE IDLE;
RUNTEST 20001E-6 SEC;
SIR 10 TDI (290);
SDR 166 TDI (04030000021c8030cc3300e103e0529ca739ca03bf)
	TDO (04030000021c8030cc3300e103e0529ca739ca03bf)
	MASK (3fffffffffffffffffffffffffffffffffffffffff);
SIR 10 TDI (2a1);
SDR 11 TDI (089);
SIR 10 TDI (28c);
STATE IDLE;
RUNTEST 20001E-6 SEC;
SIR 10 TDI (290);
SDR 166 TDI (04030000021c8030cc3300e103e0529ca739ca03bf)
	TDO (04030000021c8030cc3300e103e0529ca739ca03bf)
	MASK (3fffffffffffffffffffffffffffffffffffffffff);
SIR 10 TDI (2a1);
SDR 11 TDI (08a);
SIR 10 TDI (28c);
STATE IDLE;
RUNTEST 20001E-6 SEC;
SIR 10 TDI (290);
SDR 166 TDI (04030000021c8030cc3300e103e0529ca739ca03bf)
	TDO (04030000021c8030cc3300e103e0529ca739ca03bf)
	MASK (3fffffffffffffffffffffffffffffffffffffffff);
SIR 10 TDI (2a1);
SDR 11 TDI (08b);
SIR 10 TDI (28c);
STATE IDLE;
RUNTEST 20001E-6 SEC;
SIR 10 TDI (290);
SDR 166 TDI (04030000021c8030cc3300e103e0529ca739ca03bf)
	TDO (04030000021c8030cc3300e103e0529ca739ca03bf)
	MASK (3fffffffffffffffffffffffffffffffffffffffff);
SIR 10 TDI (2a1);
SDR 11 TDI (08c);
SIR 10 TDI (28c);
STATE IDLE;
RUNTEST 20001E-6 SEC;
SIR 10 TDI (290);
SDR 166 TDI (04030000021c8030cc3300e103e0529ca739ca03bf)
	TDO (04030000021c8030cc3300e103e0529ca739ca03bf)
	MASK (3fffffffffffffffffffffffffffffffffffffffff);
SIR 10 TDI (2a1);
SDR 11 TDI (08d);
SIR 10 TDI (28c);
STATE IDLE;
RUNTEST 20001E-6 SEC;
SIR 10 TDI (290);
SDR 166 TDI (04030000021c8030cc3300e103e0529ca739ca03bf)
	TDO (04030000021c8030cc3300e103e0529ca739ca03bf)
	MASK (3fffffffffffffffffffffffffffffffffffffffff);
SIR 10 TDI (2a1);
SDR 11 TDI (08e);
SIR 10 TDI (28c);
STATE IDLE;
RUNTEST 20001E-6 SEC;
SIR 10 TDI (290);
SDR 166 TDI (04030000021c8030cc3300e103e0529ca739ca03bf)
	TDO (04030000021c8030cc3300e103e0529ca739ca03bf)
	MASK (3fffffffffffffffffffffffffffffffffffffffff);
SIR 10 TDI (2a1);
SDR 11 TDI (08f);
SIR 10 TDI (28c);
STATE IDLE;
RUNTEST 20001E-6 SEC;
SIR 10 TDI (290);
SDR 166 TDI (04030000021c8030cc3300e103e0529ca739ca03bf)
	TDO (04030000021c8030cc3300e103e0529ca739ca03bf)
	MASK (3fffffffffffffffffffffffffffffffffffffffff);
SIR 10 TDI (2a1);
SDR 11 TDI (090);
SIR 10 TDI (28c);
STATE IDLE;
RUNTEST 20001E-6 SEC;
SIR 10 TDI (290);
SDR 166 TDI (04030000021c8030cc3300e103e05294a739ca03bf)
	TDO (04030000021c8030cc3300e103e05294a739ca03bf)
	MASK (3fffffffffffffffffffffffffffffffffffffffff);
SIR 10 TDI (2a1);
SDR 11 TDI (091);
SIR 10 TDI (28c);
STATE IDLE;
RUNTEST 20001E-6 SEC;
SIR 10 TDI (290);
SDR 166 TDI (04030000021c8030cc3300e103e05298a739ca03bf)
	TDO (04030000021c8030cc3300e103e05298a739ca03bf)
	MASK (3fffffffffffffffffffffffffffffffffffffffff);
SIR 10 TDI (2a1);
SDR 11 TDI (092);
SIR 10 TDI (28c);
STATE IDLE;
RUNTEST 20001E-6 SEC;
SIR 10 TDI (290);
SDR 166 TDI (04030000021c8030cc3100210100409024090200bf)
	TDO (04030000021c8030cc3100210100409024090200bf)
	MASK (3fffffffffffffffffffffffffffffffffffffffff);
SIR 10 TDI (2a1);
SDR 11 TDI (093);
SIR 10 TDI (28c);
STATE IDLE;
RUNTEST 20001E-6 SEC;
SIR 10 TDI (290);
SDR 166 TDI (04030000021c8030cc3300e103e0529ca739ca03bf)
	TDO (04030000021c8030cc3300e103e0529ca739ca03bf)
	MASK (3fffffffffffffffffffffffffffffffffffffffff);
SIR 10 TDI (2a1);
SDR 11 TDI (094);
SIR 10 TDI (28c);
STATE IDLE;
RUNTEST 20001E-6 SEC;
SIR 10 TDI (290);
SDR 166 TDI (04030000021c8030cc3300e103e0529ca739ca03bf)
	TDO (04030000021c8030cc3300e103e0529ca739ca03bf)
	MASK (3fffffffffffffffffffffffffffffffffffffffff);
SIR 10 TDI (2a1);
SDR 11 TDI (095);
SIR 10 TDI (28c);
STATE IDLE;
RUNTEST 20001E-6 SEC;
SIR 10 TDI (290);
SDR 166 TDI (04030000021c8030cc3300e103e0529ca739ca03bf)
	TDO (04030000021c8030cc3300e103e0529ca739ca03bf)
	MASK (3fffffffffffffffffffffffffffffffffffffffff);
SIR 10 TDI (2a1);
SDR 11 TDI (096);
SIR 10 TDI (28c);
STATE IDLE;
RUNTEST 20001E-6 SEC;
SIR 10 TDI (290);
SDR 166 TDI (04010000021c8020483300e10100529c2739c200bf)
	TDO (04010000021c8020483300e10100529c2739c200bf)
	MASK (3fffffffffffffffffffffffffffffffffffffffff);
SIR 10 TDI (2a1);
SDR 11 TDI (097);
SIR 10 TDI (28c);
STATE IDLE;
RUNTEST 20001E-6 SEC;
SIR 10 TDI (290);
SDR 166 TDI (04030000021c8030cc33002103e04090a4090a03bf)
	TDO (04030000021c8030cc33002103e04090a4090a03bf)
	MASK (3fffffffffffffffffffffffffffffffffffffffff);
SIR 10 TDI (2a1);
SDR 11 TDI (098);
SIR 10 TDI (28c);
STATE IDLE;
RUNTEST 20001E-6 SEC;
SIR 10 TDI (290);
SDR 166 TDI (04030000021c8030cc3300210100409024090200bf)
	TDO (04030000021c8030cc3300210100409024090200bf)
	MASK (3fffffffffffffffffffffffffffffffffffffffff);
SIR 10 TDI (2a1);
SDR 11 TDI (099);
SIR 10 TDI (28c);
STATE IDLE;
RUNTEST 20001E-6 SEC;
SIR 10 TDI (290);
SDR 166 TDI (04030000021c8030cc3300e103e0529ca739ca03bf)
	TDO (04030000021c8030cc3300e103e0529ca739ca03bf)
	MASK (3fffffffffffffffffffffffffffffffffffffffff);
SIR 10 TDI (2a1);
SDR 11 TDI (09a);
SIR 10 TDI (28c);
STATE IDLE;
RUNTEST 20001E-6 SEC;
SIR 10 TDI (290);
SDR 166 TDI (04030000021c8030cc3300210100409024090200bf)
	TDO (04030000021c8030cc3300210100409024090200bf)
	MASK (3fffffffffffffffffffffffffffffffffffffffff);
SIR 10 TDI (2a1);
SDR 11 TDI (09b);
SIR 10 TDI (28c);
STATE IDLE;
RUNTEST 20001E-6 SEC;
SIR 10 TDI (290);
SDR 166 TDI (04030000021c8030cc3300e103e0529ca739ca03bf)
	TDO (04030000021c8030cc3300e103e0529ca739ca03bf)
	MASK (3fffffffffffffffffffffffffffffffffffffffff);
SIR 10 TDI (2a1);
SDR 11 TDI (09c);
SIR 10 TDI (28c);
STATE IDLE;
RUNTEST 20001E-6 SEC;
SIR 10 TDI (290);
SDR 166 TDI (04030000021c8030cc3300e103e0529ca739ca03bf)
	TDO (04030000021c8030cc3300e103e0529ca739ca03bf)
	MASK (3fffffffffffffffffffffffffffffffffffffffff);
SIR 10 TDI (2a1);
SDR 11 TDI (09d);
SIR 10 TDI (28c);
STATE IDLE;
RUNTEST 20001E-6 SEC;
SIR 10 TDI (290);
SDR 166 TDI (04030000021c8030cc3300e103e0529ca739ca03bf)
	TDO (04030000021c8030cc3300e103e0529ca739ca03bf)
	MASK (3fffffffffffffffffffffffffffffffffffffffff);
SIR 10 TDI (2a1);
SDR 11 TDI (09e);
SIR 10 TDI (28c);
STATE IDLE;
RUNTEST 20001E-6 SEC;
SIR 10 TDI (290);
SDR 166 TDI (04030000021c8030cc3300a103e0529ca739ca03bf)
	TDO (04030000021c8030cc3300a103e0529ca739ca03bf)
	MASK (3fffffffffffffffffffffffffffffffffffffffff);
SIR 10 TDI (2a1);
SDR 11 TDI (09f);
SIR 10 TDI (28c);
STATE IDLE;
RUNTEST 20001E-6 SEC;
SIR 10 TDI (290);
SDR 166 TDI (04030000021c8030cc33006103e0529ca739ca03bf)
	TDO (04030000021c8030cc33006103e0529ca739ca03bf)
	MASK (3fffffffffffffffffffffffffffffffffffffffff);
SIR 10 TDI (2a1);
SDR 11 TDI (0a0);
SIR 10 TDI (28c);
STATE IDLE;
RUNTEST 20001E-6 SEC;
SIR 10 TDI (290);
SDR 166 TDI (04030000021c8030cc3300e103e0529ca729ca03bf)
	TDO (04030000021c8030cc3300e103e0529ca729ca03bf)
	MASK (3fffffffffffffffffffffffffffffffffffffffff);
SIR 10 TDI (2a1);
SDR 11 TDI (0a1);
SIR 10 TDI (28c);
STATE IDLE;
RUNTEST 20001E-6 SEC;
SIR 10 TDI (290);
SDR 166 TDI (04030000021c8030cc3300e103e0529ca719ca03bf)
	TDO (04030000021c8030cc3300e103e0529ca719ca03bf)
	MASK (3fffffffffffffffffffffffffffffffffffffffff);
SIR 10 TDI (2a1);
SDR 11 TDI (0a2);
SIR 10 TDI (28c);
STATE IDLE;
RUNTEST 20001E-6 SEC;
SIR 10 TDI (290);
SDR 166 TDI (04030000021c8030cc3300e103e0409c2639c203bf)
	TDO (04030000021c8030cc3300e103e0409c2639c203bf)
	MASK (3fffffffffffffffffffffffffffffffffffffffff);
SIR 10 TDI (2a1);
SDR 11 TDI (0a3);
SIR 10 TDI (28c);
STATE IDLE;
RUNTEST 20001E-6 SEC;
SIR 10 TDI (290);
SDR 166 TDI (04030000021c8030cc3300e10360529ca539ca03bf)
	TDO (04030000021c8030cc3300e10360529ca539ca03bf)
	MASK (3fffffffffffffffffffffffffffffffffffffffff);
SIR 10 TDI (2a1);
SDR 11 TDI (0a4);
SIR 10 TDI (28c);
STATE IDLE;
RUNTEST 20001E-6 SEC;
SIR 10 TDI (290);
SDR 166 TDI (04030000021c8030cc3300e103e040982739c203bf)
	TDO (04030000021c8030cc3300e103e040982739c203bf)
	MASK (3fffffffffffffffffffffffffffffffffffffffff);
SIR 10 TDI (2a1);
SDR 11 TDI (0a5);
SIR 10 TDI (28c);
STATE IDLE;
RUNTEST 20001E-6 SEC;
SIR 10 TDI (290);
SDR 166 TDI (04030000021c8030cc3300e103c05294a739ca03bf)
	TDO (04030000021c8030cc3300e103c05294a739ca03bf)
	MASK (3fffffffffffffffffffffffffffffffffffffffff);
SIR 10 TDI (2a1);
SDR 11 TDI (0a6);
SIR 10 TDI (28c);
STATE IDLE;
RUNTEST 20001E-6 SEC;
SIR 10 TDI (290);
SDR 166 TDI (0403000002188030cc3300e103e0529ca739ca03bf)
	TDO (0403000002188030cc3300e103e0529ca739ca03bf)
	MASK (3fffffffffffffffffffffffffffffffffffffffff);
SIR 10 TDI (2a1);
SDR 11 TDI (0a7);
SIR 10 TDI (28c);
STATE IDLE;
RUNTEST 20001E-6 SEC;
SIR 10 TDI (290);
SDR 166 TDI (04030000021c8030cc2300e103e0529ca739ca03bf)
	TDO (04030000021c8030cc2300e103e0529ca739ca03bf)
	MASK (3fffffffffffffffffffffffffffffffffffffffff);
SIR 10 TDI (2a1);
SDR 11 TDI (0a8);
SIR 10 TDI (28c);
STATE IDLE;
RUNTEST 20001E-6 SEC;
SIR 10 TDI (290);
SDR 166 TDI (04030000021c8030cc3300e103e0529ca539ca03bf)
	TDO (04030000021c8030cc3300e103e0529ca539ca03bf)
	MASK (3fffffffffffffffffffffffffffffffffffffffff);
SIR 10 TDI (2a1);
SDR 11 TDI (0a9);
SIR 10 TDI (28c);
STATE IDLE;
RUNTEST 20001E-6 SEC;
SIR 10 TDI (290);
SDR 166 TDI (04030000001c8030cc3100e103e0529ca639ca03bf)
	TDO (04030000001c8030cc3100e103e0529ca639ca03bf)
	MASK (3fffffffffffffffffffffffffffffffffffffffff);
SIR 10 TDI (2a1);
SDR 11 TDI (0aa);
SIR 10 TDI (28c);
STATE IDLE;
RUNTEST 20001E-6 SEC;
SIR 10 TDI (290);
SDR 166 TDI (0403000002188030cc3300c102e0120c8330c8033f)
	TDO (0403000002188030cc3300c102e0120c8330c8033f)
	MASK (3fffffffffffffffffffffffffffffffffffffffff);
SIR 10 TDI (2a1);
SDR 11 TDI (0ab);
SIR 10 TDI (28c);
STATE IDLE;
RUNTEST 20001E-6 SEC;
SIR 10 TDI (290);
SDR 166 TDI (04030000021c8030cc3300e103e0529ca739ca03bf)
	TDO (04030000021c8030cc3300e103e0529ca739ca03bf)
	MASK (3fffffffffffffffffffffffffffffffffffffffff);
SIR 10 TDI (2a1);
SDR 11 TDI (0ac);
SIR 10 TDI (28c);
STATE IDLE;
RUNTEST 20001E-6 SEC;
SIR 10 TDI (290);
SDR 166 TDI (04020000021c8010842300e103e0529ca739ca02bf)
	TDO (04020000021c8010842300e103e0529ca739ca02bf)
	MASK (3fffffffffffffffffffffffffffffffffffffffff);
SIR 10 TDI (2a1);
SDR 11 TDI (0ad);
SIR 10 TDI (28c);
STATE IDLE;
RUNTEST 20001E-6 SEC;
SIR 10 TDI (290);
SDR 166 TDI (04030000021c8030cc3300e103e0529c2739ca03bf)
	TDO (04030000021c8030cc3300e103e0529c2739ca03bf)
	MASK (3fffffffffffffffffffffffffffffffffffffffff);
SIR 10 TDI (2a1);
SDR 11 TDI (0ae);
SIR 10 TDI (28c);
STATE IDLE;
RUNTEST 20001E-6 SEC;
SIR 10 TDI (290);
SDR 166 TDI (04030000021c8030cc3300e103e0529ca739ca03bf)
	TDO (04030000021c8030cc3300e103e0529ca739ca03bf)
	MASK (3fffffffffffffffffffffffffffffffffffffffff);
SIR 10 TDI (2a1);
SDR 11 TDI (0af);
SIR 10 TDI (28c);
STATE IDLE;
RUNTEST 20001E-6 SEC;
SIR 10 TDI (290);
SDR 166 TDI (04030000021c8030cc3300210100409024090200bf)
	TDO (04030000021c8030cc3300210100409024090200bf)
	MASK (3fffffffffffffffffffffffffffffffffffffffff);
SIR 10 TDI (2a1);
SDR 11 TDI (0b0);
SIR 10 TDI (28c);
STATE IDLE;
RUNTEST 20001E-6 SEC;
SIR 10 TDI (290);
SDR 166 TDI (0403000002140030cc1200e003e0529ca739ca03bf)
	TDO (0403000002140030cc1200e003e0529ca739ca03bf)
	MASK (3fffffffffffffffffffffffffffffffffffffffff);
SIR 10 TDI (2a1);
SDR 11 TDI (0b1);
SIR 10 TDI (28c);
STATE IDLE;
RUNTEST 20001E-6 SEC;
SIR 10 TDI (290);
SDR 166 TDI (04030000021c8030cc3300e103e0529ca739ca03bf)
	TDO (04030000021c8030cc3300e103e0529ca739ca03bf)
	MASK (3fffffffffffffffffffffffffffffffffffffffff);
SIR 10 TDI (2a1);
SDR 11 TDI (0b2);
SIR 10 TDI (28c);
STATE IDLE;
RUNTEST 20001E-6 SEC;
SIR 10 TDI (290);
SDR 166 TDI (04030000021c8030cc3300e10100529ca739ca00bf)
	TDO (04030000021c8030cc3300e10100529ca739ca00bf)
	MASK (3fffffffffffffffffffffffffffffffffffffffff);
SIR 10 TDI (2a1);
SDR 11 TDI (0b3);
SIR 10 TDI (28c);
STATE IDLE;
RUNTEST 20001E-6 SEC;
SIR 10 TDI (290);
SDR 166 TDI (04030000021c8030cc33002103e0409024090203bf)
	TDO (04030000021c8030cc33002103e0409024090203bf)
	MASK (3fffffffffffffffffffffffffffffffffffffffff);
SIR 10 TDI (2a1);
SDR 11 TDI (0b4);
SIR 10 TDI (28c);
STATE IDLE;
RUNTEST 20001E-6 SEC;
SIR 10 TDI (290);
SDR 166 TDI (04030000021c8030cc3300e103e0529ca739ca03bf)
	TDO (04030000021c8030cc3300e103e0529ca739ca03bf)
	MASK (3fffffffffffffffffffffffffffffffffffffffff);
SIR 10 TDI (2a1);
SDR 11 TDI (0b5);
SIR 10 TDI (28c);
STATE IDLE;
RUNTEST 20001E-6 SEC;
SIR 10 TDI (290);
SDR 166 TDI (04030000021c8030cc3300e103e0529ca739ca03bf)
	TDO (04030000021c8030cc3300e103e0529ca739ca03bf)
	MASK (3fffffffffffffffffffffffffffffffffffffffff);
SIR 10 TDI (2a1);
SDR 11 TDI (0b6);
SIR 10 TDI (28c);
STATE IDLE;
RUNTEST 20001E-6 SEC;
SIR 10 TDI (290);
SDR 166 TDI (04030000021c8030cc3300e103e0529ca739ca03bf)
	TDO (04030000021c8030cc3300e103e0529ca739ca03bf)
	MASK (3fffffffffffffffffffffffffffffffffffffffff);
SIR 10 TDI (2a1);
SDR 11 TDI (0b7);
SIR 10 TDI (28c);
STATE IDLE;
RUNTEST 20001E-6 SEC;
SIR 10 TDI (290);
SDR 166 TDI (04030000021c8030cc3300e103e0529ca739ca03bf)
	TDO (04030000021c8030cc3300e103e0529ca739ca03bf)
	MASK (3fffffffffffffffffffffffffffffffffffffffff);
SIR 10 TDI (2a1);
SDR 11 TDI (0b8);
SIR 10 TDI (28c);
STATE IDLE;
RUNTEST 20001E-6 SEC;
SIR 10 TDI (290);
SDR 166 TDI (04030000021c8030cc3300e103e0529ca7394a03bf)
	TDO (04030000021c8030cc3300e103e0529ca7394a03bf)
	MASK (3fffffffffffffffffffffffffffffffffffffffff);
SIR 10 TDI (2a1);
SDR 11 TDI (0b9);
SIR 10 TDI (28c);
STATE IDLE;
RUNTEST 20001E-6 SEC;
SIR 10 TDI (290);
SDR 166 TDI (04030000021c8030cc3300e103e0529ca7398a03bf)
	TDO (04030000021c8030cc3300e103e0529ca7398a03bf)
	MASK (3fffffffffffffffffffffffffffffffffffffffff);
SIR 10 TDI (2a1);
SDR 11 TDI (0ba);
SIR 10 TDI (28c);
STATE IDLE;
RUNTEST 20001E-6 SEC;
SIR 10 TDI (290);
SDR 166 TDI (04030000021c8030cc3300e103e0529ca739ca03bf)
	TDO (04030000021c8030cc3300e103e0529ca739ca03bf)
	MASK (3fffffffffffffffffffffffffffffffffffffffff);
SIR 10 TDI (2a1);
SDR 11 TDI (0bb);
SIR 10 TDI (28c);
STATE IDLE;
RUNTEST 20001E-6 SEC;
SIR 10 TDI (290);
SDR 166 TDI (04030000021c8030cc3300210100409024090200bf)
	TDO (04030000021c8030cc3300210100409024090200bf)
	MASK (3fffffffffffffffffffffffffffffffffffffffff);
SIR 10 TDI (2a1);
SDR 11 TDI (0bc);
SIR 10 TDI (28c);
STATE IDLE;
RUNTEST 20001E-6 SEC;
SIR 10 TDI (290);
SDR 166 TDI (04010000021c8020483300e103e0529ca739ca03bf)
	TDO (04010000021c8020483300e103e0529ca739ca03bf)
	MASK (3fffffffffffffffffffffffffffffffffffffffff);
SIR 10 TDI (2a1);
SDR 11 TDI (0bd);
SIR 10 TDI (28c);
STATE IDLE;
RUNTEST 20001E-6 SEC;
SIR 10 TDI (290);
SDR 166 TDI (00030000001c8030cc3300210100409024090200bf)
	TDO (00030000001c8030cc3300210100409024090200bf)
	MASK (3fffffffffffffffffffffffffffffffffffffffff);
SIR 10 TDI (2a1);
SDR 11 TDI (0be);
SIR 10 TDI (28c);
STATE IDLE;
RUNTEST 20001E-6 SEC;
SIR 10 TDI (290);
SDR 166 TDI (04030000021c8030cc3300e103e0529ca739ca03bf)
	TDO (04030000021c8030cc3300e103e0529ca739ca03bf)
	MASK (3fffffffffffffffffffffffffffffffffffffffff);
SIR 10 TDI (2a1);
SDR 11 TDI (0bf);
SIR 10 TDI (28c);
STATE IDLE;
RUNTEST 20001E-6 SEC;
SIR 10 TDI (290);
SDR 166 TDI (04030000021c8030cc3300210100409024090200bf)
	TDO (04030000021c8030cc3300210100409024090200bf)
	MASK (3fffffffffffffffffffffffffffffffffffffffff);
SIR 10 TDI (2a1);
SDR 11 TDI (0c0);
SIR 10 TDI (28c);
STATE IDLE;
RUNTEST 20001E-6 SEC;
SIR 10 TDI (290);
SDR 166 TDI (04030000021c8030cc3300e103e0529ca739ca03bf)
	TDO (04030000021c8030cc3300e103e0529ca739ca03bf)
	MASK (3fffffffffffffffffffffffffffffffffffffffff);
SIR 10 TDI (2a1);
SDR 11 TDI (0c1);
SIR 10 TDI (28c);
STATE IDLE;
RUNTEST 20001E-6 SEC;
SIR 10 TDI (290);
SDR 166 TDI (04030000021c8030cc3300e103e0529ca739ca00bf)
	TDO (04030000021c8030cc3300e103e0529ca739ca00bf)
	MASK (3fffffffffffffffffffffffffffffffffffffffff);
SIR 10 TDI (2a1);
SDR 11 TDI (0c2);
SIR 10 TDI (28c);
STATE IDLE;
RUNTEST 20001E-6 SEC;
SIR 10 TDI (290);
SDR 166 TDI (04030000021c8030cc3300e103e0529ca739ca02bf)
	TDO (04030000021c8030cc3300e103e0529ca739ca02bf)
	MASK (3fffffffffffffffffffffffffffffffffffffffff);
SIR 10 TDI (2a1);
SDR 11 TDI (0c3);
SIR 10 TDI (28c);
STATE IDLE;
RUNTEST 20001E-6 SEC;
SIR 10 TDI (290);
SDR 166 TDI (04030000021c8030cc3300e103e0429ca739ca03bf)
	TDO (04030000021c8030cc3300e103e0429ca739ca03bf)
	MASK (3fffffffffffffffffffffffffffffffffffffffff);
SIR 10 TDI (2a1);
SDR 11 TDI (0c4);
SIR 10 TDI (28c);
STATE IDLE;
RUNTEST 20001E-6 SEC;
SIR 10 TDI (290);
SDR 166 TDI (04030000020c8030cc3300e103e0529ca739ca02bf)
	TDO (04030000020c8030cc3300e103e0529ca739ca02bf)
	MASK (3fffffffffffffffffffffffffffffffffffffffff);
SIR 10 TDI (2a1);
SDR 11 TDI (0c5);
SIR 10 TDI (28c);
STATE IDLE;
RUNTEST 20001E-6 SEC;
SIR 10 TDI (290);
SDR 166 TDI (04030000021c8030cc3300e103e0529ca739c203bf)
	TDO (04030000021c8030cc3300e103e0529ca739c203bf)
	MASK (3fffffffffffffffffffffffffffffffffffffffff);
SIR 10 TDI (2a1);
SDR 11 TDI (0c6);
SIR 10 TDI (28c);
STATE IDLE;
RUNTEST 20001E-6 SEC;
SIR 10 TDI (290);
SDR 166 TDI (04030000021c8030cc3300e103e0529ca739ca00bf)
	TDO (04030000021c8030cc3300e103e0529ca739ca00bf)
	MASK (3fffffffffffffffffffffffffffffffffffffffff);
SIR 10 TDI (2a1);
SDR 11 TDI (0c7);
SIR 10 TDI (28c);
STATE IDLE;
RUNTEST 20001E-6 SEC;
SIR 10 TDI (290);
SDR 166 TDI (00030000021c8030cc3100210100409024090203bf)
	TDO (00030000021c8030cc3100210100409024090203bf)
	MASK (3fffffffffffffffffffffffffffffffffffffffff);
SIR 10 TDI (2a1);
SDR 11 TDI (0c8);
SIR 10 TDI (28c);
STATE IDLE;
RUNTEST 20001E-6 SEC;
SIR 10 TDI (290);
SDR 166 TDI (04030000021c8030cc33006103e0409c2719c203bf)
	TDO (04030000021c8030cc33006103e0409c2719c203bf)
	MASK (3fffffffffffffffffffffffffffffffffffffffff);
SIR 10 TDI (2a1);
SDR 11 TDI (0c9);
SIR 10 TDI (28c);
STATE IDLE;
RUNTEST 20001E-6 SEC;
SIR 10 TDI (290);
SDR 166 TDI (04030000021c8030cc3300a101e0529ca729ca03bf)
	TDO (04030000021c8030cc3300a101e0529ca729ca03bf)
	MASK (3fffffffffffffffffffffffffffffffffffffffff);
SIR 10 TDI (2a1);
SDR 11 TDI (0ca);
SIR 10 TDI (28c);
STATE IDLE;
RUNTEST 20001E-6 SEC;
SIR 10 TDI (290);
SDR 166 TDI (04030000021c8030cc3300e103e0529ca739ca01bf)
	TDO (04030000021c8030cc3300e103e0529ca739ca01bf)
	MASK (3fffffffffffffffffffffffffffffffffffffffff);
SIR 10 TDI (2a1);
SDR 11 TDI (0cb);
SIR 10 TDI (28c);
STATE IDLE;
RUNTEST 20001E-6 SEC;
SIR 10 TDI (290);
SDR 166 TDI (04030000021c8030cc3300e10100529ca739ca03bf)
	TDO (04030000021c8030cc3300e10100529ca739ca03bf)
	MASK (3fffffffffffffffffffffffffffffffffffffffff);
SIR 10 TDI (2a1);
SDR 11 TDI (0cc);
SIR 10 TDI (28c);
STATE IDLE;
RUNTEST 20001E-6 SEC;
SIR 10 TDI (290);
SDR 166 TDI (04030000021c8030cc3300e103e0409c27398203bf)
	TDO (04030000021c8030cc3300e103e0409c27398203bf)
	MASK (3fffffffffffffffffffffffffffffffffffffffff);
SIR 10 TDI (2a1);
SDR 11 TDI (0cd);
SIR 10 TDI (28c);
STATE IDLE;
RUNTEST 20001E-6 SEC;
SIR 10 TDI (290);
SDR 166 TDI (04030000021c8030cc3300e103a0529ca7394a03bf)
	TDO (04030000021c8030cc3300e103a0529ca7394a03bf)
	MASK (3fffffffffffffffffffffffffffffffffffffffff);
SIR 10 TDI (2a1);
SDR 11 TDI (0ce);
SIR 10 TDI (28c);
STATE IDLE;
RUNTEST 20001E-6 SEC;
SIR 10 TDI (290);
SDR 166 TDI (04030000021c8030cc3300e103e0529ca739ca03bf)
	TDO (04030000021c8030cc3300e103e0529ca739ca03bf)
	MASK (3fffffffffffffffffffffffffffffffffffffffff);
SIR 10 TDI (2a1);
SDR 11 TDI (0cf);
SIR 10 TDI (28c);
STATE IDLE;
RUNTEST 20001E-6 SEC;
SIR 10 TDI (290);
SDR 166 TDI (04030000021c8030cc3300210100409024090200bf)
	TDO (04030000021c8030cc3300210100409024090200bf)
	MASK (3fffffffffffffffffffffffffffffffffffffffff);
SIR 10 TDI (2a1);
SDR 11 TDI (0d0);
SIR 10 TDI (28c);
STATE IDLE;
RUNTEST 20001E-6 SEC;
SIR 10 TDI (290);
SDR 166 TDI (04030000021c8030cc3300e103e0509c24090a03bf)
	TDO (04030000021c8030cc3300e103e0509c24090a03bf)
	MASK (3fffffffffffffffffffffffffffffffffffffffff);
SIR 10 TDI (2a1);
SDR 11 TDI (0d1);
SIR 10 TDI (28c);
STATE IDLE;
RUNTEST 20001E-6 SEC;
SIR 10 TDI (290);
SDR 166 TDI (04030000021c8030cc33002101004290a739c200bf)
	TDO (04030000021c8030cc33002101004290a739c200bf)
	MASK (3fffffffffffffffffffffffffffffffffffffffff);
SIR 10 TDI (2a1);
SDR 11 TDI (0d2);
SIR 10 TDI (28c);
STATE IDLE;
RUNTEST 20001E-6 SEC;
SIR 10 TDI (290);
SDR 166 TDI (04030000021c8030cc3300e103e0529ca739ca03bf)
	TDO (04030000021c8030cc3300e103e0529ca739ca03bf)
	MASK (3fffffffffffffffffffffffffffffffffffffffff);
SIR 10 TDI (2a1);
SDR 11 TDI (0d3);
SIR 10 TDI (28c);
STATE IDLE;
RUNTEST 20001E-6 SEC;
SIR 10 TDI (290);
SDR 166 TDI (04030000021c8030cc3300210100409024090200bf)
	TDO (04030000021c8030cc3300210100409024090200bf)
	MASK (3fffffffffffffffffffffffffffffffffffffffff);
SIR 10 TDI (2a1);
SDR 11 TDI (0d4);
SIR 10 TDI (28c);
STATE IDLE;
RUNTEST 20001E-6 SEC;
SIR 10 TDI (290);
SDR 166 TDI (04020000021c80308c3300210100409024090200bf)
	TDO (04020000021c80308c3300210100409024090200bf)
	MASK (3fffffffffffffffffffffffffffffffffffffffff);
SIR 10 TDI (2a1);
SDR 11 TDI (0d5);
SIR 10 TDI (28c);
STATE IDLE;
RUNTEST 20001E-6 SEC;
SIR 10 TDI (290);
SDR 166 TDI (04030000021c8010c43300e103e0529ca739ca03bf)
	TDO (04030000021c8010c43300e103e0529ca739ca03bf)
	MASK (3fffffffffffffffffffffffffffffffffffffffff);
SIR 10 TDI (2a1);
SDR 11 TDI (0d6);
SIR 10 TDI (28c);
STATE IDLE;
RUNTEST 20001E-6 SEC;
SIR 10 TDI (290);
SDR 166 TDI (04030000021c8030cc3300e103e0409c2739c200bf)
	TDO (04030000021c8030cc3300e103e0409c2739c200bf)
	MASK (3fffffffffffffffffffffffffffffffffffffffff);
SIR 10 TDI (2a1);
SDR 11 TDI (0d7);
SIR 10 TDI (28c);
STATE IDLE;
RUNTEST 20001E-6 SEC;
SIR 10 TDI (290);
SDR 166 TDI (04030000021c8030cc33002101005290a4090a03bf)
	TDO (04030000021c8030cc33002101005290a4090a03bf)
	MASK (3fffffffffffffffffffffffffffffffffffffffff);
SIR 10 TDI (2a1);
SDR 11 TDI (0d8);
SIR 10 TDI (28c);
STATE IDLE;
RUNTEST 20001E-6 SEC;
SIR 10 TDI (290);
SDR 166 TDI (04030000021c8030cc33002103e05290a4090a03bf)
	TDO (04030000021c8030cc33002103e05290a4090a03bf)
	MASK (3fffffffffffffffffffffffffffffffffffffffff);
SIR 10 TDI (2a1);
SDR 11 TDI (0d9);
SIR 10 TDI (28c);
STATE IDLE;
RUNTEST 20001E-6 SEC;
SIR 10 TDI (290);
SDR 166 TDI (04030000021c8030cc3300e103e0529ca739ca03bf)
	TDO (04030000021c8030cc3300e103e0529ca739ca03bf)
	MASK (3fffffffffffffffffffffffffffffffffffffffff);
SIR 10 TDI (2a1);
SDR 11 TDI (0da);
SIR 10 TDI (28c);
STATE IDLE;
RUNTEST 20001E-6 SEC;
SIR 10 TDI (290);
SDR 166 TDI (04030000021c8030cc3300e103e0529ca739ca02bf)
	TDO (04030000021c8030cc3300e103e0529ca739ca02bf)
	MASK (3fffffffffffffffffffffffffffffffffffffffff);
SIR 10 TDI (2a1);
SDR 11 TDI (0db);
SIR 10 TDI (28c);
STATE IDLE;
RUNTEST 20001E-6 SEC;
SIR 10 TDI (290);
SDR 166 TDI (04030000021c8030cc3300e103e0509ca739ca03bf)
	TDO (04030000021c8030cc3300e103e0509ca739ca03bf)
	MASK (3fffffffffffffffffffffffffffffffffffffffff);
SIR 10 TDI (2a1);
SDR 11 TDI (0dc);
SIR 10 TDI (28c);
STATE IDLE;
RUNTEST 20001E-6 SEC;
SIR 10 TDI (290);
SDR 166 TDI (04030000021c8030cc3300e103e0529ca739ca03bf)
	TDO (04030000021c8030cc3300e103e0529ca739ca03bf)
	MASK (3fffffffffffffffffffffffffffffffffffffffff);
SIR 10 TDI (2a1);
SDR 11 TDI (0dd);
SIR 10 TDI (28c);
STATE IDLE;
RUNTEST 20001E-6 SEC;
SIR 10 TDI (290);
SDR 166 TDI (04030000021c8030cc3300e103e0529ca739ca03bf)
	TDO (04030000021c8030cc3300e103e0529ca739ca03bf)
	MASK (3fffffffffffffffffffffffffffffffffffffffff);
SIR 10 TDI (2a1);
SDR 11 TDI (0de);
SIR 10 TDI (28c);
STATE IDLE;
RUNTEST 20001E-6 SEC;
SIR 10 TDI (290);
SDR 166 TDI (04030000021c8030cc3300e103e0529ca739ca03bf)
	TDO (04030000021c8030cc3300e103e0529ca739ca03bf)
	MASK (3fffffffffffffffffffffffffffffffffffffffff);
SIR 10 TDI (2a1);
SDR 11 TDI (0df);
SIR 10 TDI (28c);
STATE IDLE;
RUNTEST 20001E-6 SEC;
SIR 10 TDI (290);
SDR 166 TDI (04030000021c8030cc3300e103e0529ca739ca03bf)
	TDO (04030000021c8030cc3300e103e0529ca739ca03bf)
	MASK (3fffffffffffffffffffffffffffffffffffffffff);
STATE IDLE;
SIR 10 TDI (2a1);
SDR 11 TDI (000);
SIR 10 TDI (28c);
STATE IDLE;
RUNTEST 20001E-6 SEC;
SIR 10 TDI (290);
SDR 166 TDI (3fffd99db9d1000800983fffe6fef7ce400000103f)
	TDO (3fffd99db9d1000800983fffe6fef7ce400000103f)
	MASK (3fffffffffffffffffffffffffffffffffffffffff);
SIR 10 TDI (2a1);
SDR 11 TDI (001);
SIR 10 TDI (28c);
STATE IDLE;
RUNTEST 20001E-6 SEC;
SIR 10 TDI (290);
SDR 166 TDI (3fffe00470c648811801bfffe6666666410811803f)
	TDO (3fffe00470c648811801bfffe6666666410811803f)
	MASK (3fffffffffffffffffffffffffffffffffffffffff);
SIR 10 TDI (2a1);
SDR 11 TDI (002);
SIR 10 TDI (28c);
STATE IDLE;
RUNTEST 20001E-6 SEC;
SIR 10 TDI (290);
SDR 166 TDI (3fffc0000000000000003fffc0001000000000003f)
	TDO (3fffc0000000000000003fffc0001000000000003f)
	MASK (3fffffffffffffffffffffffffffffffffffffffff);
SIR 10 TDI (2a1);
SDR 11 TDI (003);
SIR 10 TDI (28c);
STATE IDLE;
RUNTEST 20001E-6 SEC;
SIR 10 TDI (290);
SDR 166 TDI (3fffc3f033c00cf3df03bffff3033cc3c56e97923f)
	TDO (3fffc3f033c00cf3df03bffff3033cc3c56e97923f)
	MASK (3fffffffffffffffffffffffffffffffffffffffff);
SIR 10 TDI (2a1);
SDR 11 TDI (004);
SIR 10 TDI (28c);
STATE IDLE;
RUNTEST 20001E-6 SEC;
SIR 10 TDI (290);
SDR 166 TDI (3fffffffffffd11880983fffffffffffd001c808bf)
	TDO (3fffffffffffd11880983fffffffffffd001c808bf)
	MASK (3fffffffffffffffffffffffffffffffffffffffff);
SIR 10 TDI (2a1);
SDR 11 TDI (005);
SIR 10 TDI (28c);
STATE IDLE;
RUNTEST 20001E-6 SEC;
SIR 10 TDI (290);
SDR 166 TDI (3fffcfff3ffffff7ef677fffcc0f0ff32eff6f677f)
	TDO (3fffcfff3ffffff7ef677fffcc0f0ff32eff6f677f)
	MASK (3fffffffffffffffffffffffffffffffffffffffff);
SIR 10 TDI (2a1);
SDR 11 TDI (006);
SIR 10 TDI (28c);
STATE IDLE;
RUNTEST 20001E-6 SEC;
SIR 10 TDI (290);
SDR 166 TDI (3fffe59efffbc10000983fffdf9bbfb5c00000003f)
	TDO (3fffe59efffbc10000983fffdf9bbfb5c00000003f)
	MASK (3fffffffffffffffffffffffffffffffffffffffff);
SIR 10 TDI (2a1);
SDR 11 TDI (007);
SIR 10 TDI (28c);
STATE IDLE;
RUNTEST 20001E-6 SEC;
SIR 10 TDI (290);
SDR 166 TDI (3fffe6666666446602003fffe66666266855999abf)
	TDO (3fffe6666666446602003fffe66666266855999abf)
	MASK (3fffffffffffffffffffffffffffffffffffffffff);
SIR 10 TDI (2a1);
SDR 11 TDI (008);
SIR 10 TDI (28c);
STATE IDLE;
RUNTEST 20001E-6 SEC;
SIR 10 TDI (290);
SDR 166 TDI (3fffc19010088cff03003fffc000000030cc00033f)
	TDO (3fffc19010088cff03003fffc000000030cc00033f)
	MASK (3fffffffffffffffffffffffffffffffffffffffff);
SIR 10 TDI (2a1);
SDR 11 TDI (009);
SIR 10 TDI (28c);
STATE IDLE;
RUNTEST 20001E-6 SEC;
SIR 10 TDI (290);
SDR 166 TDI (3fffffffffffddff879a3fffcc000330dcff9f9bbf)
	TDO (3fffffffffffddff879a3fffcc000330dcff9f9bbf)
	MASK (3fffffffffffffffffffffffffffffffffffffffff);
SIR 10 TDI (2a1);
SDR 11 TDI (00a);
SIR 10 TDI (28c);
STATE IDLE;
RUNTEST 20001E-6 SEC;
SIR 10 TDI (290);
SDR 166 TDI (3ffffffffffffb99d9fdbfffffffffffd98811913f)
	TDO (3ffffffffffffb99d9fdbfffffffffffd98811913f)
	MASK (3fffffffffffffffffffffffffffffffffffffffff);
SIR 10 TDI (2a1);
SDR 11 TDI (00b);
SIR 10 TDI (28c);
STATE IDLE;
RUNTEST 20001E-6 SEC;
SIR 10 TDI (290);
SDR 166 TDI (3fffcff3f00cf766feff7fffc00f0ccf2f776f667f)
	TDO (3fffcff3f00cf766feff7fffc00f0ccf2f776f667f)
	MASK (3fffffffffffffffffffffffffffffffffffffffff);
STATE IDLE;
SIR 10 TDI (2a1);
SDR 11 TDI (0e0);
SIR 10 TDI (28c);
STATE IDLE;
RUNTEST 20001E-6 SEC;
SIR 10 TDI (290);
SDR 166 TDI (3fffffffffffffffbffffffffbfffffffffebfffdf)
	TDO (3fffffffffffffffbffffffffbfffffffffebfffdf)
	MASK (3fffffffffffffffffffffffffffffffffffffffff);
SIR 10 TDI (2a1);
SDR 11 TDI (0e1);
SIR 10 TDI (28c);
STATE IDLE;
RUNTEST 20001E-6 SEC;
SIR 10 TDI (290);
SDR 166 TDI (3ffffdfdffdfddfffffffffffffffffffffffdffff)
	TDO (3ffffdfdffdfddfffffffffffffffffffffffdffff)
	MASK (3fffffffffffffffffffffffffffffffffffffffff);
SIR 10 TDI (2a1);
SDR 11 TDI (0e2);
SIR 10 TDI (28c);
STATE IDLE;
RUNTEST 20001E-6 SEC;
SIR 10 TDI (290);
SDR 166 TDI (3fbffeffffffbffffd7ffebdfffffffdfffffe3fff)
	TDO (3fbffeffffffbffffd7ffebdfffffffdfffffe3fff)
	MASK (3fffffffffffffffffffffffffffffffffffffffff);
SIR 10 TDI (2a1);
SDR 11 TDI (0e3);
SIR 10 TDI (28c);
STATE IDLE;
RUNTEST 20001E-6 SEC;
SIR 10 TDI (290);
SDR 166 TDI (3fff9fffffff7fffffdfddfeff7dffdfede77fefff)
	TDO (3fff9fffffff7fffffdfddfeff7dffdfede77fefff)
	MASK (3fffffffffffffffffffffffffffffffffffffffff);
SIR 10 TDI (2a1);
SDR 11 TDI (0e4);
SIR 10 TDI (28c);
STATE IDLE;
RUNTEST 20001E-6 SEC;
SIR 10 TDI (290);
SDR 166 TDI (3ffdffffbbffffbfdfbbffd7fffeabfefebfc3fbff)
	TDO (3ffdffffbbffffbfdfbbffd7fffeabfefebfc3fbff)
	MASK (3fffffffffffffffffffffffffffffffffffffffff);
SIR 10 TDI (2a1);
SDR 11 TDI (0e5);
SIR 10 TDI (28c);
STATE IDLE;
RUNTEST 20001E-6 SEC;
SIR 10 TDI (290);
SDR 166 TDI (0cdffffffffffeddfffff7ffa7f77ff7b75bfffffe)
	TDO (0cdffffffffffeddfffff7ffa7f77ff7b75bfffffe)
	MASK (3fffffffffffffffffffffffffffffffffffffffff);
SIR 10 TDI (2a1);
SDR 11 TDI (0e6);
SIR 10 TDI (28c);
STATE IDLE;
RUNTEST 20001E-6 SEC;
SIR 10 TDI (290);
SDR 166 TDI (3ffbffff5ffbffffffffffebffbfd7effbffffffe7)
	TDO (3ffbffff5ffbffffffffffebffbfd7effbffffffe7)
	MASK (3fffffffffffffffffffffffffffffffffffffffff);
SIR 10 TDI (2a1);
SDR 11 TDI (0e7);
SIR 10 TDI (28c);
STATE IDLE;
RUNTEST 20001E-6 SEC;
SIR 10 TDI (290);
SDR 166 TDI (3bfffff7fc3dfbfffbfc2bfffffffc3b5ffffffc3f)
	TDO (3bfffff7fc3dfbfffbfc2bfffffffc3b5ffffffc3f)
	MASK (3fffffffffffffffffffffffffffffffffffffffff);
SIR 10 TDI (2a1);
SDR 11 TDI (0e8);
SIR 10 TDI (28c);
STATE IDLE;
RUNTEST 20001E-6 SEC;
SIR 10 TDI (290);
SDR 166 TDI (3ffffbcbf7ffff7fffffffffffcbfffffffffff7f9)
	TDO (3ffffbcbf7ffff7fffffffffffcbfffffffffff7f9)
	MASK (3fffffffffffffffffffffffffffffffffffffffff);
STATE IDLE;
SIR 10 TDI (2a1);
SDR 11 TDI (200);
SIR 10 TDI (28c);
STATE IDLE;
RUNTEST 20001E-6 SEC;
SIR 10 TDI (292);
SDR 4 TDI (f)
	TDO (f)
	MASK (f);
STATE IDLE;
SIR 10 TDI (2a1);
SDR 11 TDI (300);
SIR 10 TDI (28c);
STATE IDLE;
RUNTEST 20001E-6 SEC;
SIR 10 TDI (293);
SDR 16 TDI (ffff)
	TDO (ffff)
	MASK (ffff);
STATE IDLE;
SIR 10 TDI (2a1);
SDR 11 TDI (100);
SIR 10 TDI (28c);
STATE IDLE;
RUNTEST 20001E-6 SEC;
SIR 10 TDI (291);
SDR 32 TDI (704fb1ff)
	TDO (704fb1ff)
	MASK (ffffffff);
STATE IDLE;
SIR 10 TDI (280);
SDR 10 TDI (000);
STATE IDLE;
RUNTEST 10001E-6 SEC;
STATE RESET;
RUNTEST 50021E-6 SEC;
